VendorNo,Country,Currency,TradeTerm,TradeTermName,PaymentTerm
1001,SINGAPORE,USD,FOB,FREIGHT ON BOARD,30DAYS UPON MONTHLY CUT OFF  
10001,SINGAPORE,USD,FOB,FREIGHT ON BOARD,30DAYS UPON MONTHLY CUT OFF  
10002,MALAYSIA,RM,DDU,DELIVERED DUTY UNPAID,60DAYS UPON MONTHLY CUT OFF
10003,MALAYSIA,RM,EXW,EX-WORKS OR EX-WAREHOUSE,45 DAYS NETT
10004,MALAYSIA,RM,DDU,DELIVERED DUTY UNPAID,30DAYS UPON MONTHLY CUT OFF  
10005,MALAYSIA,RM,DTD,DOOR TO DOOR,30DAYS UPON MONTHLY CUT OFF  
10007,SINGAPORE,USD,FCA,FREE CARRIER,60DAYS UPON MONTHLY CUT OFF
10008,MALAYSIA,USD,DDU,DELIVERED DUTY UNPAID,60DAYS UPON MONTHLY CUT OFF
10010,SINGAPORE,USD,EXW,EX-WORKS OR EX-WAREHOUSE,90DAYS UPON MONTHLY CUT OFF
10011,HONG KONG,USD,FCA,FREE CARRIER,60DAYS UPON MONTHLY CUT OFF
10013,SINGAPORE,USD,FCA,FREE CARRIER,30 DAYS NETT 
10014,SINGAPORE,USD,FCA,FREE CARRIER,60DAYS UPON MONTHLY CUT OFF
10015,SINGAPORE,USD,FCA,FREE CARRIER,120DAYS UPON MONTHLY CUT OFF
10018,MALAYSIA,USD,FOB,FREIGHT ON BOARD,30DAYS UPON MONTHLY CUT OFF  
10019,MALAYSIA,USD,CIF,"COST, INSURANCE AND FREIGHT",30DAYS UPON MONTHLY CUT OFF  
10020,SINGAPORE,USD,EXW,EX-WORKS OR EX-WAREHOUSE,30DAYS UPON MONTHLY CUT OFF  
10021,TAIWAN,USD,FOB,FREIGHT ON BOARD,30 DAYS NETT 
10022,SINGAPORE,USD,FOB,FREIGHT ON BOARD,60DAYS UPON MONTHLY CUT OFF
10024,MALAYSIA,RM,FOB,FREIGHT ON BOARD,30 DAYS NETT 
10025,TAIWAN,USD,FOB,FREIGHT ON BOARD,60DAYS UPON MONTHLY CUT OFF
10026,MALAYSIA,RM,EXW,EX-WORKS OR EX-WAREHOUSE,60DAYS UPON MONTHLY CUT OFF
10027,MALAYSIA,USD,DDU,DELIVERED DUTY UNPAID,60DAYS UPON MONTHLY CUT OFF
10028,SINGAPORE,USD,FOB,FREIGHT ON BOARD,60DAYS UPON MONTHLY CUT OFF
10029,SINGAPORE,USD,FCA,FREE CARRIER,60DAYS UPON MONTHLY CUT OFF
10030,MALAYSIA,RM,DDU,DELIVERED DUTY UNPAID,60DAYS UPON MONTHLY CUT OFF
10032,MALAYSIA,USD,EXW,EX-WORKS OR EX-WAREHOUSE,60DAYS UPON MONTHLY CUT OFF
10033,MALAYSIA,RM,CIF,"COST, INSURANCE AND FREIGHT",60DAYS UPON MONTHLY CUT OFF
10034,SINGAPORE,USD,FCA,FREE CARRIER,30DAYS UPON MONTHLY CUT OFF  
10035,SINGAPORE,USD,DDU,DELIVERED DUTY UNPAID,30DAYS UPON MONTHLY CUT OFF  
10036,SINGAPORE,USD,DAP,DELIVERED AT PLACE,60DAYS UPON MONTHLY CUT OFF
10037,SINGAPORE,USD,FOB,FREIGHT ON BOARD,60DAYS UPON MONTHLY CUT OFF
10038,MALAYSIA,USD,DDU,DELIVERED DUTY UNPAID,60DAYS UPON MONTHLY CUT OFF
10040,SINGAPORE,USD,FCA,FREE CARRIER,60DAYS UPON MONTHLY CUT OFF
10043,MALAYSIA,RM,DDU,DELIVERED DUTY UNPAID,60DAYS UPON MONTHLY CUT OFF
10044,MALAYSIA,USD,EXW,EX-WORKS OR EX-WAREHOUSE,60DAYS UPON MONTHLY CUT OFF
10046,MALAYSIA,RM,DDU,DELIVERED DUTY UNPAID,60DAYS UPON MONTHLY CUT OFF
10047,MALAYSIA,USD,CIF,"COST, INSURANCE AND FREIGHT",30DAYS UPON MONTHLY CUT OFF  
10048,MALAYSIA,RM,DDU,DELIVERED DUTY UNPAID,60DAYS UPON MONTHLY CUT OFF
10050,MALAYSIA,RM,CIF,"COST, INSURANCE AND FREIGHT",60DAYS UPON MONTHLY CUT OFF
10051,MALAYSIA,RM,DDU,DELIVERED DUTY UNPAID,60DAYS UPON MONTHLY CUT OFF
10052,MALAYSIA,USD,FOB,FREIGHT ON BOARD,60DAYS UPON MONTHLY CUT OFF
10054,MALAYSIA,USD,DDU,DELIVERED DUTY UNPAID,90 DAYS NETT
10055,SINGAPORE,USD,EXW,EX-WORKS OR EX-WAREHOUSE,30DAYS UPON MONTHLY CUT OFF  
10058,SINGAPORE,USD,FCA,FREE CARRIER,30DAYS UPON MONTHLY CUT OFF  
10059,SINGAPORE,USD,FOB,FREIGHT ON BOARD,60DAYS UPON MONTHLY CUT OFF
10061,MALAYSIA,RM,DDU,DELIVERED DUTY UNPAID,60DAYS UPON MONTHLY CUT OFF
10062,MALAYSIA,RM,DDU,DELIVERED DUTY UNPAID,60DAYS UPON MONTHLY CUT OFF
10063,MALAYSIA,RM,DDU,DELIVERED DUTY UNPAID,30DAYS UPON MONTHLY CUT OFF  
10065,CHINA,USD,CIF,"COST, INSURANCE AND FREIGHT",60DAYS UPON MONTHLY CUT OFF
10066,MALAYSIA,RM,DTD,DOOR TO DOOR,30DAYS UPON MONTHLY CUT OFF  
10069,MALAYSIA,RM,DTD,DOOR TO DOOR,60DAYS UPON MONTHLY CUT OFF
10070,CHINA,USD,FOB,FREIGHT ON BOARD,60DAYS UPON MONTHLY CUT OFF
10072,CHINA,USD,FOB,FREIGHT ON BOARD,30DAYS UPON MONTHLY CUT OFF  
10074,MALAYSIA,USD,EXW,EX-WORKS OR EX-WAREHOUSE,45DAYS UPON MONTHLY CUT OFF
10075,MALAYSIA,RM,DDU,DELIVERED DUTY UNPAID,60DAYS UPON MONTHLY CUT OFF
10076,MALAYSIA,USD,CIF,"COST, INSURANCE AND FREIGHT",30DAYS UPON MONTHLY CUT OFF  
10077,SINGAPORE,USD,EXW,EX-WORKS OR EX-WAREHOUSE,30DAYS UPON MONTHLY CUT OFF  
10078,MALAYSIA,RM,EXW,EX-WORKS OR EX-WAREHOUSE,90DAYS UPON MONTHLY CUT OFF
10079,TAIWAN,USD,DTD,DOOR TO DOOR,60DAYS UPON MONTHLY CUT OFF
10081,MALAYSIA,RM,DDU,DELIVERED DUTY UNPAID,60DAYS UPON MONTHLY CUT OFF
10082,MALAYSIA,RM,DDU,DELIVERED DUTY UNPAID,60DAYS UPON MONTHLY CUT OFF
10083,MALAYSIA,RM,DDU,DELIVERED DUTY UNPAID,30DAYS UPON MONTHLY CUT OFF  
10084,MALAYSIA,RM,DDU,DELIVERED DUTY UNPAID,30DAYS UPON MONTHLY CUT OFF  
10085,TAIWAN,USD,DDU,DELIVERED DUTY UNPAID,30 DAYS NETT 
10086,CHINA,USD,DDU,DELIVERED DUTY UNPAID,60DAYS UPON MONTHLY CUT OFF
10087,TAIWAN,USD,CIF,"COST, INSURANCE AND FREIGHT",60DAYS UPON MONTHLY CUT OFF
10088,CHINA,USD,DDU,DELIVERED DUTY UNPAID,60DAYS UPON MONTHLY CUT OFF
10089,MALAYSIA,RM,DDU,DELIVERED DUTY UNPAID,60DAYS UPON MONTHLY CUT OFF
10090,MALAYSIA,USD,EXW,EX-WORKS OR EX-WAREHOUSE,60DAYS UPON MONTHLY CUT OFF
10091,MALAYSIA,RM,DAP,DELIVERED AT PLACE,60DAYS UPON MONTHLY CUT OFF
10092,CHINA,USD,DDU,DELIVERED DUTY UNPAID,60DAYS UPON MONTHLY CUT OFF
10094,MALAYSIA,RM,DAP,DELIVERED AT PLACE,30DAYS UPON MONTHLY CUT OFF  
10095,MALAYSIA,USD,DAP,DELIVERED AT PLACE,30DAYS UPON MONTHLY CUT OFF  
10096,TAIWAN,USD,CIF,"COST, INSURANCE AND FREIGHT",60DAYS UPON MONTHLY CUT OFF
10097,SINGAPORE,USD,FOB,FREIGHT ON BOARD,30DAYS UPON MONTHLY CUT OFF  
10098,SINGAPORE,USD,FCA,FREE CARRIER,60DAYS UPON MONTHLY CUT OFF
10099,SINGAPORE,USD,FOB,FREIGHT ON BOARD,60DAYS UPON MONTHLY CUT OFF
10100,MALAYSIA,RM,CIF,"COST, INSURANCE AND FREIGHT",30DAYS UPON MONTHLY CUT OFF  
10101,USA,USD,EXW,EX-WORKS OR EX-WAREHOUSE,30DAYS UPON MONTHLY CUT OFF  
10102,MALAYSIA,RM,DDU,DELIVERED DUTY UNPAID,60DAYS UPON MONTHLY CUT OFF
10103,SINGAPORE,USD,FCA,FREE CARRIER,45 DAYS NETT
10104,SINGAPORE,USD,FCA,FREE CARRIER,60DAYS UPON MONTHLY CUT OFF
10105,MALAYSIA,USD,DAP,DELIVERED AT PLACE,30 DAYS NETT 
10106,MALAYSIA,USD,DAP,DELIVERED AT PLACE,60DAYS UPON MONTHLY CUT OFF
10107,SINGAPORE,USD,FOB,FREIGHT ON BOARD,60DAYS UPON MONTHLY CUT OFF
10109,SINGAPORE,USD,EXW,EX-WORKS OR EX-WAREHOUSE,30DAYS UPON MONTHLY CUT OFF  
10110,MALAYSIA,USD,DDU,DELIVERED DUTY UNPAID,90DAYS UPON MONTHLY CUT OFF
10111,CHINA,USD,FOB,FREIGHT ON BOARD,30DAYS UPON MONTHLY CUT OFF  
10112,MALAYSIA,USD,DDU,DELIVERED DUTY UNPAID,60DAYS UPON MONTHLY CUT OFF
10113,SINGAPORE,USD,DDU,DELIVERED DUTY UNPAID,60DAYS UPON MONTHLY CUT OFF
10114,MALAYSIA,USD,DDU,DELIVERED DUTY UNPAID,30DAYS UPON MONTHLY CUT OFF  
10115,SINGAPORE,RM,EXW,EX-WORKS OR EX-WAREHOUSE,30DAYS UPON MONTHLY CUT OFF  
10116,TAIWAN,USD,FOB,FREIGHT ON BOARD,30DAYS UPON MONTHLY CUT OFF  
10117,SINGAPORE,USD,DDU,DELIVERED DUTY UNPAID,30DAYS UPON MONTHLY CUT OFF  
10118,CHINA,USD,FCA,FREE CARRIER,60DAYS UPON MONTHLY CUT OFF
10119,CHINA,USD,FCA,FREE CARRIER,30 DAYS NETT 
10120,SINGAPORE,USD,EXW,EX-WORKS OR EX-WAREHOUSE,30 DAYS NETT 
10121,MALAYSIA,USD,DDU,DELIVERED DUTY UNPAID,60DAYS UPON MONTHLY CUT OFF
10122,MALAYSIA,USD,DDU,DELIVERED DUTY UNPAID,75 DAYS UPON MONTH END CUT OFF
10123,MALAYSIA,USD,EXF,EX-FACTORY,75 DAYS NETT
10124,USA,USD,FOB,FREIGHT ON BOARD,90 DAYS NETT
10125,MALAYSIA,USD,DDU,DELIVERED DUTY UNPAID,60DAYS UPON MONTHLY CUT OFF
10127,CHINA,USD,FCA,FREE CARRIER,30 DAYS NETT 
10128,SINGAPORE,USD,FOB,FREIGHT ON BOARD,60DAYS UPON MONTHLY CUT OFF
10129,CHINA,USD,EXW,EX-WORKS OR EX-WAREHOUSE,60 DAYS NETT
10130,SINGAPORE,USD,FCA,FREE CARRIER,30DAYS UPON MONTHLY CUT OFF  
10131,CHINA,USD,EXW,EX-WORKS OR EX-WAREHOUSE,90DAYS UPON MONTHLY CUT OFF
10132,CHINA,USD,FOB,FREIGHT ON BOARD,60DAYS UPON MONTHLY CUT OFF
10133,MALAYSIA,RM,DDU,DELIVERED DUTY UNPAID,60DAYS UPON MONTHLY CUT OFF
10134,SINGAPORE,USD,EXW,EX-WORKS OR EX-WAREHOUSE,30DAYS UPON MONTHLY CUT OFF  
10141,MALAYSIA,RM,DDU,DELIVERED DUTY UNPAID,30DAYS UPON MONTHLY CUT OFF  
10142,MALAYSIA,USD,EXW,EX-WORKS OR EX-WAREHOUSE,60DAYS UPON MONTHLY CUT OFF
10143,SINGAPORE,USD,FCA,FREE CARRIER,30 DAYS NETT 
10144,MALAYSIA,RM,DDU,DELIVERED DUTY UNPAID,30DAYS UPON MONTHLY CUT OFF  
10145,MALAYSIA,RM,CIF,"COST, INSURANCE AND FREIGHT",60DAYS UPON MONTHLY CUT OFF
10146,MALAYSIA,RM,DDU,DELIVERED DUTY UNPAID,30DAYS UPON MONTHLY CUT OFF  
10147,SINGAPORE,USD,FOB,FREIGHT ON BOARD,60DAYS UPON MONTHLY CUT OFF
10148,SINGAPORE,USD,FCA,FREE CARRIER,PAYMENT UPON PO ISSUED
10149,SINGAPORE,USD,EXW,EX-WORKS OR EX-WAREHOUSE,75 DAYS NETT
10150,USA,USD,FOB,FREIGHT ON BOARD,60DAYS UPON MONTHLY CUT OFF
10151,CHINA,USD,EXW,EX-WORKS OR EX-WAREHOUSE,45 DAYS NETT
10152,CHINA,USD,EXF,EX-FACTORY,60DAYS UPON MONTHLY CUT OFF
10153,CHINA,USD,FCA,FREE CARRIER,30 DAYS NETT 
10154,MALAYSIA,USD,DTD,DOOR TO DOOR,60 DAYS NETT
10155,SINGAPORE,USD,FOB,FREIGHT ON BOARD,60DAYS UPON MONTHLY CUT OFF
10156,MALAYSIA,RM,DAP,DELIVERED AT PLACE,30DAYS UPON MONTHLY CUT OFF  
10157,SINGAPORE,USD,FCA,FREE CARRIER,60DAYS UPON MONTHLY CUT OFF
10158,CHINA,USD,FOB,FREIGHT ON BOARD,60DAYS UPON MONTHLY CUT OFF
10159,USA,USD,FCA,FREE CARRIER,30DAYS UPON MONTHLY CUT OFF  
10160,SINGAPORE,USD,FCA,FREE CARRIER,30 DAYS NETT 
10161,CHINA,USD,EXW,EX-WORKS OR EX-WAREHOUSE,30 DAYS NETT 
10162,SINGAPORE,USD,FOB,FREIGHT ON BOARD,30DAYS UPON MONTHLY CUT OFF  
10163,CHINA,USD,FOB,FREIGHT ON BOARD,30DAYS UPON MONTHLY CUT OFF  
10164,MALAYSIA,USD,EXF,EX-FACTORY,30 DAYS NETT 
10165,MALAYSIA,USD,DAP,DELIVERED AT PLACE,60DAYS UPON MONTHLY CUT OFF
10166,TAIWAN,USD,FOB,FREIGHT ON BOARD,60DAYS UPON MONTHLY CUT OFF
10167,MALAYSIA,USD,FOB,FREIGHT ON BOARD,60DAYS UPON MONTHLY CUT OFF
10169,MALAYSIA,USD,CIF,"COST, INSURANCE AND FREIGHT",60DAYS UPON MONTHLY CUT OFF
10170,SINGAPORE,USD,FOB,FREIGHT ON BOARD,60DAYS UPON MONTHLY CUT OFF
10171,SINGAPORE,USD,EXW,EX-WORKS OR EX-WAREHOUSE,30DAYS UPON MONTHLY CUT OFF  
10172,TAIWAN,USD,EXW,EX-WORKS OR EX-WAREHOUSE,30 DAYS NETT 
10173,USA,USD,EXW,EX-WORKS OR EX-WAREHOUSE,30DAYS UPON MONTHLY CUT OFF  
10174,MALAYSIA,USD,DDU,DELIVERED DUTY UNPAID,30DAYS UPON MONTHLY CUT OFF  
10175,MALAYSIA,USD,EXW,EX-WORKS OR EX-WAREHOUSE,30 DAYS NETT 
10176,SINGAPORE,USD,FCA,FREE CARRIER,60DAYS UPON MONTHLY CUT OFF
10177,SINGAPORE,USD,FOB,FREIGHT ON BOARD,30 DAYS NETT 
10178,SINGAPORE,USD,EXW,EX-WORKS OR EX-WAREHOUSE,30 DAYS NETT 
10179,CHINA,USD,EXW,EX-WORKS OR EX-WAREHOUSE,30 DAYS NETT 
10180,SINGAPORE,USD,FOB,FREIGHT ON BOARD,PAYMENT UPON PO ISSUED
10181,TAIWAN,USD,FCA,FREE CARRIER,PAYMENT BEFORE DELIVERY
10182,MALAYSIA,USD,DDU,DELIVERED DUTY UNPAID,30DAYS UPON MONTHLY CUT OFF  
10183,MALAYSIA,RM,DDU,DELIVERED DUTY UNPAID,30DAYS UPON MONTHLY CUT OFF  
10184,TAIWAN,USD,EXF,EX-FACTORY,30 DAYS NETT 
10185,CHINA,USD,EXF,EX-FACTORY,60DAYS UPON MONTHLY CUT OFF
10186,MALAYSIA,RM,DTD,DOOR TO DOOR,60DAYS UPON MONTHLY CUT OFF
10187,SINGAPORE,USD,EXW,EX-WORKS OR EX-WAREHOUSE,60 DAYS NETT
10188,MALAYSIA,RM,EXF,EX-FACTORY,90DAYS UPON MONTHLY CUT OFF
10190,MALAYSIA,USD,DTD,DOOR TO DOOR,60DAYS UPON MONTHLY CUT OFF
10191,CHINA,USD,FOB,FREIGHT ON BOARD,30DAYS UPON MONTHLY CUT OFF  
10193,CHINA,USD,FCA,FREE CARRIER,30DAYS UPON MONTHLY CUT OFF  
10198,MALAYSIA,USD,DTD,DOOR TO DOOR,30DAYS UPON MONTHLY CUT OFF  
10200,SINGAPORE,USD,EXF,EX-FACTORY,30 DAYS NETT 
10201,MALAYSIA,USD,DAP,DELIVERED AT PLACE,60 DAYS NETT
10202,USA,USD,EXW,EX-WORKS OR EX-WAREHOUSE,30 DAYS NETT 
10204,CHINA,USD,EXW,EX-WORKS OR EX-WAREHOUSE,30 DAYS NETT 
10205,MALAYSIA,USD,CIF,"COST, INSURANCE AND FREIGHT",60DAYS UPON MONTHLY CUT OFF
10206,MALAYSIA,RM,DDU,DELIVERED DUTY UNPAID,60 DAYS NETT
10207,MALAYSIA,USD,DTD,DOOR TO DOOR,60DAYS UPON MONTHLY CUT OFF
10209,USA,USD,EXW,EX-WORKS OR EX-WAREHOUSE,30 DAYS NETT 
10210,MALAYSIA,USD,DTD,DOOR TO DOOR,30DAYS UPON MONTHLY CUT OFF  
10211,USA,USD,FCA,FREE CARRIER,30 DAYS NETT 
10212,THAILAND,USD,EXW,EX-WORKS OR EX-WAREHOUSE,30 DAYS NETT 
10213,SINGAPORE,USD,FOB,FREIGHT ON BOARD,60DAYS UPON MONTHLY CUT OFF
10214,CHINA,USD,FOB,FREIGHT ON BOARD,30 DAYS NETT 
10215,TAIWAN,USD,FOB,FREIGHT ON BOARD,60DAYS UPON MONTHLY CUT OFF
10216,MALAYSIA,RM,DDU,DELIVERED DUTY UNPAID,30DAYS UPON MONTHLY CUT OFF  
10217,MALAYSIA,RM,DDP,DELIVERED DUTY PAID,30 DAYS NETT 
10218,CHINA,USD,DAP,DELIVERED AT PLACE,90DAYS UPON MONTHLY CUT OFF
10219,CHINA,USD,DAP,DELIVERED AT PLACE,30DAYS UPON MONTHLY CUT OFF  
10220,CHINA,USD,FCA,FREE CARRIER,30DAYS UPON MONTHLY CUT OFF  
10221,CHINA,USD,DAP,DELIVERED AT PLACE,30 DAYS NETT 
10222,CHINA,USD,DAP,DELIVERED AT PLACE,30DAYS UPON MONTHLY CUT OFF  
10223,MALAYSIA,RM,DTD,DOOR TO DOOR,60DAYS UPON MONTHLY CUT OFF
10224,MALAYSIA,RM,DTD,DOOR TO DOOR,90DAYS UPON MONTHLY CUT OFF
10225,CHINA,USD,DAP,DELIVERED AT PLACE,30DAYS UPON MONTHLY CUT OFF  
10226,CHINA,USD,DAP,DELIVERED AT PLACE,60DAYS UPON MONTHLY CUT OFF
10227,CHINA,USD,DAP,DELIVERED AT PLACE,60DAYS UPON MONTHLY CUT OFF
10229,MALAYSIA,RM,DTD,DOOR TO DOOR,60DAYS UPON MONTHLY CUT OFF
10231,MALAYSIA,USD,EXW,EX-WORKS OR EX-WAREHOUSE,30 DAYS NETT 
10232,CHINA,USD,EXW,EX-WORKS OR EX-WAREHOUSE,60 DAYS NETT
10233,CHINA,USD,DAP,DELIVERED AT PLACE,60DAYS UPON MONTHLY CUT OFF
10234,THAILAND,USD,CIF,"COST, INSURANCE AND FREIGHT",30DAYS UPON MONTHLY CUT OFF  
10235,CHINA,USD,DAP,DELIVERED AT PLACE,90DAYS UPON MONTHLY CUT OFF
10236,MALAYSIA,USD,DAP,DELIVERED AT PLACE,CASH ON DELIVERY
10239,CHINA,USD,DAP,DELIVERED AT PLACE,60DAYS UPON MONTHLY CUT OFF
10240,SINGAPORE,USD,DAP,DELIVERED AT PLACE,30 DAYS NETT 
10241,MALAYSIA,RM,DAP,DELIVERED AT PLACE,90DAYS UPON MONTHLY CUT OFF
10242,USA,USD,FOB,FREIGHT ON BOARD,30 DAYS NETT 
10243,CHINA,USD,DDP,DELIVERED DUTY PAID,60DAYS UPON MONTHLY CUT OFF
10244,MALAYSIA,RM,DTD,DOOR TO DOOR,30 DAYS NETT 
10245,KOREA,USD,EXW,EX-WORKS OR EX-WAREHOUSE,30 DAYS NETT 
10246,TAIWAN,USD,FOB,FREIGHT ON BOARD,60DAYS UPON MONTHLY CUT OFF
10247,MALAYSIA,USD,DDU,DELIVERED DUTY UNPAID,30DAYS UPON MONTHLY CUT OFF  
10248,CHINA,USD,DAP,DELIVERED AT PLACE,30DAYS UPON MONTHLY CUT OFF  
10249,CHINA,USD,DDU,DELIVERED DUTY UNPAID,90DAYS UPON MONTHLY CUT OFF
10250,MALAYSIA,RM,DTD,DOOR TO DOOR,90DAYS UPON MONTHLY CUT OFF
10251,CHINA,USD,DAP,DELIVERED AT PLACE,60DAYS UPON MONTHLY CUT OFF
10252,SINGAPORE,USD,DDU,DELIVERED DUTY UNPAID,60DAYS UPON MONTHLY CUT OFF
10253,CHINA,USD,DTD,DOOR TO DOOR,60DAYS UPON MONTHLY CUT OFF
10254,CHINA,USD,DAP,DELIVERED AT PLACE,60DAYS UPON MONTHLY CUT OFF
10255,TAIWAN,USD,DAP,DELIVERED AT PLACE,60 DAYS NETT
10256,CHINA,USD,DAP,DELIVERED AT PLACE,60 DAYS NETT
10257,CHINA,USD,DDU,DELIVERED DUTY UNPAID,90DAYS UPON MONTHLY CUT OFF
10259,TAIWAN,USD,DAP,DELIVERED AT PLACE,60 DAYS NETT
10260,CHINA,USD,EXW,EX-WORKS OR EX-WAREHOUSE,30DAYS UPON MONTHLY CUT OFF  
10262,CHINA,USD,CIF,"COST, INSURANCE AND FREIGHT",60DAYS UPON MONTHLY CUT OFF
10263,MALAYSIA,USD,DAP,DELIVERED AT PLACE,60 DAYS NETT
10264,MALAYSIA,RM,DTD,DOOR TO DOOR,60DAYS UPON MONTHLY CUT OFF
10265,SINGAPORE,USD,FOB,FREIGHT ON BOARD,90 DAYS NETT
10266,USA,USD,DTD,DOOR TO DOOR,60DAYS UPON MONTHLY CUT OFF
10269,CHINA,USD,FOB,FREIGHT ON BOARD,60DAYS UPON MONTHLY CUT OFF
10270,SINGAPORE,USD,FOB,FREIGHT ON BOARD,PAYMENT BEFORE DELIVERY
10271,CHINA,USD,CIF,"COST, INSURANCE AND FREIGHT",60DAYS UPON MONTHLY CUT OFF
10273,MALAYSIA,RM,DTD,DOOR TO DOOR,30 DAYS NETT 
10275,CHINA,USD,FOB,FREIGHT ON BOARD,30 DAYS NETT 
10276,CHINA,USD,DAP,DELIVERED AT PLACE,30DAYS UPON MONTHLY CUT OFF  
10277,CHINA,USD,CIF,"COST, INSURANCE AND FREIGHT",30 DAYS NETT 
10278,CHINA,USD,EXW,EX-WORKS OR EX-WAREHOUSE,60DAYS UPON MONTHLY CUT OFF
10279,CHINA,USD,DAP,DELIVERED AT PLACE,60DAYS UPON MONTHLY CUT OFF
10280,MALAYSIA,USD,DDU,DELIVERED DUTY UNPAID,60DAYS UPON MONTHLY CUT OFF
10281,TAIWAN,USD,EXW,EX-WORKS OR EX-WAREHOUSE,60DAYS UPON MONTHLY CUT OFF
10282,CHINA,USD,EXW,EX-WORKS OR EX-WAREHOUSE,75 DAYS NETT
10283,CHINA,USD,CIF,"COST, INSURANCE AND FREIGHT",60DAYS UPON MONTHLY CUT OFF
10284,SINGAPORE,USD,EXW,EX-WORKS OR EX-WAREHOUSE,90 DAYS NETT
10285,CHINA,USD,DAP,DELIVERED AT PLACE,60DAYS UPON MONTHLY CUT OFF
10286,CHINA,USD,EXW,EX-WORKS OR EX-WAREHOUSE,60 DAYS NETT
10287,SINGAPORE,USD,EXW,EX-WORKS OR EX-WAREHOUSE,30 DAYS NETT 
10288,MALAYSIA,USD,EXW,EX-WORKS OR EX-WAREHOUSE,75 DAYS NETT
10289,SINGAPORE,USD,EXW,EX-WORKS OR EX-WAREHOUSE,30 DAYS NETT 
10290,MALAYSIA,RM,DTD,DOOR TO DOOR,60DAYS UPON MONTHLY CUT OFF
10291,TAIWAN,USD,EXW,EX-WORKS OR EX-WAREHOUSE,PAYMENT BEFORE DELIVERY
10293,CHINA,USD,FCA,FREE CARRIER,60DAYS UPON MONTHLY CUT OFF
10294,CHINA,USD,EXF,EX-FACTORY,30 DAYS NETT 
10295,MALAYSIA,RM,DAP,DELIVERED AT PLACE,30DAYS UPON MONTHLY CUT OFF  
10296,MALAYSIA,RM,DDU,DELIVERED DUTY UNPAID,75 DAYS UPON MONTH END CUT OFF
10298,MALAYSIA,USD,EXW,EX-WORKS OR EX-WAREHOUSE,75 DAYS NETT
10299,CHINA,USD,EXW,EX-WORKS OR EX-WAREHOUSE,60DAYS UPON MONTHLY CUT OFF
10300,MALAYSIA,RM,DAP,DELIVERED AT PLACE,60DAYS UPON MONTHLY CUT OFF
10301,JAPAN,USD,EXW,EX-WORKS OR EX-WAREHOUSE,30 DAYS NETT 
10303,USA,USD,CIF,"COST, INSURANCE AND FREIGHT",30DAYS UPON MONTHLY CUT OFF  
10304,CHINA,USD,DAP,DELIVERED AT PLACE,60DAYS UPON MONTHLY CUT OFF
10305,USA,USD,FOB,FREIGHT ON BOARD,60 DAYS NETT
10306,CHINA,USD,FOB,FREIGHT ON BOARD,30 DAYS NETT 
10307,CHINA,USD,EXW,EX-WORKS OR EX-WAREHOUSE,30 DAYS NETT 
10308,SINGAPORE,USD,FOB,FREIGHT ON BOARD,30 DAYS NETT 
10309,SINGAPORE,USD,EXW,EX-WORKS OR EX-WAREHOUSE,30DAYS UPON MONTHLY CUT OFF  
10310,USA,USD,DAP,DELIVERED AT PLACE,30 DAYS NETT 
10311,CHINA,USD,FOB,FREIGHT ON BOARD,30 DAYS NETT 
10312,USA,USD,FOB,FREIGHT ON BOARD,30 DAYS NETT 
10313,MALAYSIA,RM,EXW,EX-WORKS OR EX-WAREHOUSE,30 DAYS NETT 
10314,MALAYSIA,RM,DTD,DOOR TO DOOR,60DAYS UPON MONTHLY CUT OFF
10315,USA,USD,CIF,"COST, INSURANCE AND FREIGHT",90 DAYS NETT
10316,SINGAPORE,USD,EXF,EX-FACTORY,60 DAYS NETT
10319,SINGAPORE,USD,EXW,EX-WORKS OR EX-WAREHOUSE,30 DAYS NETT 
10320,CHINA,USD,EXW,EX-WORKS OR EX-WAREHOUSE,60 DAYS NETT
10321,CHINA,USD,CIF,"COST, INSURANCE AND FREIGHT",PAYMENT BEFORE DELIVERY
10322,USA,USD,DAP,DELIVERED AT PLACE,45 DAYS NETT
10323,SINGAPORE,USD,EXW,EX-WORKS OR EX-WAREHOUSE,30 DAYS NETT 
10324,USA,USD,FOB,FREIGHT ON BOARD,30 DAYS NETT 
10325,USA,USD,FOB,FREIGHT ON BOARD,30 DAYS NETT 
10326,MALAYSIA,RM,DTD,DOOR TO DOOR,60DAYS UPON MONTHLY CUT OFF
10327,MALAYSIA,RM,DTD,DOOR TO DOOR,30DAYS UPON MONTHLY CUT OFF  
10329,TAIWAN,USD,CIF,"COST, INSURANCE AND FREIGHT",90DAYS UPON MONTHLY CUT OFF
10330,TAIWAN,USD,FOB,FREIGHT ON BOARD,60DAYS UPON MONTHLY CUT OFF
10334,MALAYSIA,RM,DAP,DELIVERED AT PLACE,60DAYS UPON MONTHLY CUT OFF
10335,MALAYSIA,RM,DTD,DOOR TO DOOR,30DAYS UPON MONTHLY CUT OFF  
10336,JAPAN,USD,DTD,DOOR TO DOOR,60DAYS UPON MONTHLY CUT OFF
10337,USA,USD,EXW,EX-WORKS OR EX-WAREHOUSE,30 DAYS NETT 
10338,USA,USD,FOB,FREIGHT ON BOARD,PAYMENT BEFORE DELIVERY
10339,MALAYSIA,USD,CIF,"COST, INSURANCE AND FREIGHT",60DAYS UPON MONTHLY CUT OFF
10340,SINGAPORE,USD,FOB,FREIGHT ON BOARD,60DAYS UPON MONTHLY CUT OFF
10341,SINGAPORE,USD,EXW,EX-WORKS OR EX-WAREHOUSE,30DAYS UPON MONTHLY CUT OFF  
10342,CHINA,USD,EXW,EX-WORKS OR EX-WAREHOUSE,60DAYS UPON MONTHLY CUT OFF
10343,MALAYSIA,USD,DAP,DELIVERED AT PLACE,60 DAYS NETT
10344,TAIWAN,USD,EXW,EX-WORKS OR EX-WAREHOUSE,30DAYS UPON MONTHLY CUT OFF  
10345,USA,USD,FOB,FREIGHT ON BOARD,PAYMENT BEFORE DELIVERY
10346,CHINA,USD,FOB,FREIGHT ON BOARD,30DAYS UPON MONTHLY CUT OFF  
10348,USA,USD,EXW,EX-WORKS OR EX-WAREHOUSE,30 DAYS NETT 
10349,TAIWAN,USD,FOB,FREIGHT ON BOARD,60 DAYS NETT
10350,MALAYSIA,RM,DTD,DOOR TO DOOR,60DAYS UPON MONTHLY CUT OFF
10351,TAIWAN,USD,FCA,FREE CARRIER,30DAYS UPON MONTHLY CUT OFF  
10352,MALAYSIA,RM,DAP,DELIVERED AT PLACE,30 DAYS NETT 
10353,SINGAPORE,USD,EXW,EX-WORKS OR EX-WAREHOUSE,30 DAYS NETT 
10354,CHINA,USD,CIF,"COST, INSURANCE AND FREIGHT",60DAYS UPON MONTHLY CUT OFF
10358,USA,USD,EXW,EX-WORKS OR EX-WAREHOUSE,PAYMENT UPON PO ISSUED
20001,MALAYSIA,RM,DAP,DELIVERED AT PLACE,60DAYS UPON MONTHLY CUT OFF
20004,MALAYSIA,RM,DAP,DELIVERED AT PLACE,60DAYS UPON MONTHLY CUT OFF
20005,MALAYSIA,RM,DAP,DELIVERED AT PLACE,60DAYS UPON MONTHLY CUT OFF
20006,SINGAPORE,USD,EXW,EX-WORKS OR EX-WAREHOUSE,60DAYS UPON MONTHLY CUT OFF
20008,MALAYSIA,RM,FOB,FREIGHT ON BOARD,90DAYS UPON MONTHLY CUT OFF
20009,MALAYSIA,RM,DAP,DELIVERED AT PLACE,60DAYS UPON MONTHLY CUT OFF
20012,MALAYSIA,RM,DAP,DELIVERED AT PLACE,30DAYS UPON MONTHLY CUT OFF  
20013,MALAYSIA,RM,DAP,DELIVERED AT PLACE,60DAYS UPON MONTHLY CUT OFF
20014,MALAYSIA,RM,DAP,DELIVERED AT PLACE,30DAYS UPON MONTHLY CUT OFF  
20022,MALAYSIA,RM,DAP,DELIVERED AT PLACE,60DAYS UPON MONTHLY CUT OFF
20023,MALAYSIA,RM,DAP,DELIVERED AT PLACE,30DAYS UPON MONTHLY CUT OFF  
20025,MALAYSIA,RM,DAP,DELIVERED AT PLACE,90DAYS UPON MONTHLY CUT OFF
20026,MALAYSIA,RM,DAP,DELIVERED AT PLACE,30DAYS UPON MONTHLY CUT OFF  
20027,MALAYSIA,RM,DAP,DELIVERED AT PLACE,30DAYS UPON MONTHLY CUT OFF  
20028,MALAYSIA,RM,DAP,DELIVERED AT PLACE,30DAYS UPON MONTHLY CUT OFF  
20029,MALAYSIA,RM,DAP,DELIVERED AT PLACE,60DAYS UPON MONTHLY CUT OFF
20030,MALAYSIA,RM,DAP,DELIVERED AT PLACE,30DAYS UPON MONTHLY CUT OFF  
20032,MALAYSIA,RM,DAP,DELIVERED AT PLACE,60DAYS UPON MONTHLY CUT OFF
20034,MALAYSIA,RM,DAP,DELIVERED AT PLACE,30DAYS UPON MONTHLY CUT OFF  
20035,MALAYSIA,RM,DAP,DELIVERED AT PLACE,30DAYS UPON MONTHLY CUT OFF  
20036,MALAYSIA,RM,DAP,DELIVERED AT PLACE,30DAYS UPON MONTHLY CUT OFF  
20037,MALAYSIA,RM,DAP,DELIVERED AT PLACE,30DAYS UPON MONTHLY CUT OFF  
20040,MALAYSIA,RM,FOB,FREIGHT ON BOARD,60DAYS UPON MONTHLY CUT OFF
20041,MALAYSIA,RM,DAP,DELIVERED AT PLACE,60DAYS UPON MONTHLY CUT OFF
20042,MALAYSIA,RM,DAP,DELIVERED AT PLACE,30DAYS UPON MONTHLY CUT OFF  
20043,MALAYSIA,RM,DAP,DELIVERED AT PLACE,30DAYS UPON MONTHLY CUT OFF  
20044,MALAYSIA,RM,DAP,DELIVERED AT PLACE,60DAYS UPON MONTHLY CUT OFF
20046,MALAYSIA,RM,DAP,DELIVERED AT PLACE,30DAYS UPON MONTHLY CUT OFF  
20047,MALAYSIA,RM,DAP,DELIVERED AT PLACE,60DAYS UPON MONTHLY CUT OFF
20048,MALAYSIA,RM,DAP,DELIVERED AT PLACE,60DAYS UPON MONTHLY CUT OFF
20049,MALAYSIA,RM,DAP,DELIVERED AT PLACE,30DAYS UPON MONTHLY CUT OFF  
20051,MALAYSIA,RM,DAP,DELIVERED AT PLACE,60 DAYS NETT
20052,MALAYSIA,RM,DAP,DELIVERED AT PLACE,NULL
20053,MALAYSIA,RM,DAP,DELIVERED AT PLACE,60DAYS UPON MONTHLY CUT OFF
20054,MALAYSIA,RM,DAP,DELIVERED AT PLACE,30DAYS UPON MONTHLY CUT OFF  
20056,MALAYSIA,RM,DAP,DELIVERED AT PLACE,30 DAYS NETT 
20057,MALAYSIA,RM,DDU,DELIVERED DUTY UNPAID,60DAYS UPON MONTHLY CUT OFF
20058,MALAYSIA,RM,DAP,DELIVERED AT PLACE,30DAYS UPON MONTHLY CUT OFF  
20059,MALAYSIA,RM,DAP,DELIVERED AT PLACE,60DAYS UPON MONTHLY CUT OFF
20061,MALAYSIA,RM,DAP,DELIVERED AT PLACE,30DAYS UPON MONTHLY CUT OFF  
20062,MALAYSIA,RM,DAP,DELIVERED AT PLACE,30DAYS UPON MONTHLY CUT OFF  
20065,MALAYSIA,RM,DAP,DELIVERED AT PLACE,30DAYS UPON MONTHLY CUT OFF  
20067,MALAYSIA,RM,DAP,DELIVERED AT PLACE,60DAYS UPON MONTHLY CUT OFF
20068,MALAYSIA,RM,DAP,DELIVERED AT PLACE,60DAYS UPON MONTHLY CUT OFF
20069,MALAYSIA,RM,DAP,DELIVERED AT PLACE,30DAYS UPON MONTHLY CUT OFF  
20070,MALAYSIA,RM,DAP,DELIVERED AT PLACE,90DAYS UPON MONTHLY CUT OFF
20072,MALAYSIA,RM,DAP,DELIVERED AT PLACE,45DAYS UPON MONTHLY CUT OFF
20076,MALAYSIA,RM,DAP,DELIVERED AT PLACE,30DAYS UPON MONTHLY CUT OFF  
20077,MALAYSIA,RM,DAP,DELIVERED AT PLACE,60DAYS UPON MONTHLY CUT OFF
20078,MALAYSIA,RM,DAP,DELIVERED AT PLACE,30DAYS UPON MONTHLY CUT OFF  
20079,MALAYSIA,RM,DAP,DELIVERED AT PLACE,60DAYS UPON MONTHLY CUT OFF
20080,MALAYSIA,RM,DAP,DELIVERED AT PLACE,30DAYS UPON MONTHLY CUT OFF  
20081,MALAYSIA,RM,DAP,DELIVERED AT PLACE,60DAYS UPON MONTHLY CUT OFF
20082,MALAYSIA,RM,DAP,DELIVERED AT PLACE,60DAYS UPON MONTHLY CUT OFF
20083,MALAYSIA,RM,DAP,DELIVERED AT PLACE,60DAYS UPON MONTHLY CUT OFF
20086,MALAYSIA,RM,DAP,DELIVERED AT PLACE,60DAYS UPON MONTHLY CUT OFF
20087,MALAYSIA,RM,DAP,DELIVERED AT PLACE,60DAYS UPON MONTHLY CUT OFF
20088,MALAYSIA,RM,DAP,DELIVERED AT PLACE,30DAYS UPON MONTHLY CUT OFF  
20089,MALAYSIA,RM,DAP,DELIVERED AT PLACE,30DAYS UPON MONTHLY CUT OFF  
20090,MALAYSIA,RM,DAP,DELIVERED AT PLACE,60DAYS UPON MONTHLY CUT OFF
20092,MALAYSIA,RM,NULL,NULL,30DAYS UPON MONTHLY CUT OFF  
20093,MALAYSIA,RM,DAP,DELIVERED AT PLACE,60DAYS UPON MONTHLY CUT OFF
20095,MALAYSIA,RM,DAP,DELIVERED AT PLACE,30DAYS UPON MONTHLY CUT OFF  
20096,MALAYSIA,RM,DAP,DELIVERED AT PLACE,60DAYS UPON MONTHLY CUT OFF
20098,MALAYSIA,RM,DAP,DELIVERED AT PLACE,30DAYS UPON MONTHLY CUT OFF  
20099,MALAYSIA,RM,EXW,EX-WORKS OR EX-WAREHOUSE,30DAYS UPON MONTHLY CUT OFF  
20100,JAPAN,JPY,NULL,NULL,NULL
20101,MALAYSIA,RM,DAP,DELIVERED AT PLACE,30DAYS UPON MONTHLY CUT OFF  
20103,MALAYSIA,RM,DAP,DELIVERED AT PLACE,30DAYS UPON MONTHLY CUT OFF  
20104,MALAYSIA,RM,NULL,NULL,90DAYS UPON MONTHLY CUT OFF
20105,MALAYSIA,RM,NULL,NULL,CASH ON DELIVERY
20107,MALAYSIA,RM,DAP,DELIVERED AT PLACE,60DAYS UPON MONTHLY CUT OFF
20108,MALAYSIA,RM,DAP,DELIVERED AT PLACE,60DAYS UPON MONTHLY CUT OFF
20110,MALAYSIA,RM,DAP,DELIVERED AT PLACE,90DAYS UPON MONTHLY CUT OFF
20111,MALAYSIA,RM,DAP,DELIVERED AT PLACE,30DAYS UPON MONTHLY CUT OFF  
20112,MALAYSIA,RM,NULL,NULL,NULL
20114,MALAYSIA,RM,EXF,EX-FACTORY,30DAYS UPON MONTHLY CUT OFF  
20115,MALAYSIA,USD,DAP,DELIVERED AT PLACE,30DAYS UPON MONTHLY CUT OFF  
20117,MALAYSIA,RM,DAP,DELIVERED AT PLACE,30DAYS UPON MONTHLY CUT OFF  
20121,MALAYSIA,RM,DAP,DELIVERED AT PLACE,60DAYS UPON MONTHLY CUT OFF
20122,MALAYSIA,RM,NULL,NULL,30DAYS UPON MONTHLY CUT OFF  
20124,TAIWAN,USD,NULL,NULL,30DAYS UPON MONTHLY CUT OFF  
20125,SINGAPORE,USD,EXW,EX-WORKS OR EX-WAREHOUSE,2 WEEKS
20126,MALAYSIA,RM,DAP,DELIVERED AT PLACE,30DAYS UPON MONTHLY CUT OFF  
20127,MALAYSIA,RM,DAP,DELIVERED AT PLACE,30DAYS UPON MONTHLY CUT OFF  
20128,TAIWAN,NTD,NULL,NULL,60DAYS UPON MONTHLY CUT OFF
20129,MALAYSIA,RM,DAP,DELIVERED AT PLACE,30DAYS UPON MONTHLY CUT OFF  
20130,MALAYSIA,RM,NULL,NULL,30DAYS UPON MONTHLY CUT OFF  
20133,MALAYSIA,RM,DAP,DELIVERED AT PLACE,30DAYS UPON MONTHLY CUT OFF  
20135,MALAYSIA,RM,NULL,NULL,60DAYS UPON MONTHLY CUT OFF
20136,MALAYSIA,RM,DAP,DELIVERED AT PLACE,30DAYS UPON MONTHLY CUT OFF  
20139,SINGAPORE,JPY,EXW,EX-WORKS OR EX-WAREHOUSE,30DAYS UPON MONTHLY CUT OFF  
20140,MALAYSIA,RM,NULL,NULL,30DAYS UPON MONTHLY CUT OFF  
20145,MALAYSIA,RM,NULL,NULL,30DAYS UPON MONTHLY CUT OFF  
20148,MALAYSIA,RM,DAP,DELIVERED AT PLACE,30DAYS UPON MONTHLY CUT OFF  
20149,MALAYSIA,RM,DAP,DELIVERED AT PLACE,PAYMENT BEFORE DELIVERY
20151,MALAYSIA,RM,DAP,DELIVERED AT PLACE,30DAYS UPON MONTHLY CUT OFF  
20152,TAIWAN,NTD,FOB,FREIGHT ON BOARD,PAYMENT BEFORE DELIVERY
20153,MALAYSIA,RM,DAP,DELIVERED AT PLACE,30DAYS UPON MONTHLY CUT OFF  
20155,MALAYSIA,RM,DAP,DELIVERED AT PLACE,30DAYS UPON MONTHLY CUT OFF  
20157,MALAYSIA,RM,DAP,DELIVERED AT PLACE,30DAYS UPON MONTHLY CUT OFF  
20158,MALAYSIA,RM,DAP,DELIVERED AT PLACE,30DAYS UPON MONTHLY CUT OFF  
20163,MALAYSIA,RM,DAP,DELIVERED AT PLACE,30DAYS UPON MONTHLY CUT OFF  
20164,MALAYSIA,RM,NULL,NULL,30DAYS UPON MONTHLY CUT OFF  
20166,SINGAPORE,SGD,FOB,FREIGHT ON BOARD,CASH ON DELIVERY
20167,MALAYSIA,RM,DAP,DELIVERED AT PLACE,30DAYS UPON MONTHLY CUT OFF  
20169,MALAYSIA,RM,DAP,DELIVERED AT PLACE,60DAYS UPON MONTHLY CUT OFF
20171,MALAYSIA,RM,DAP,DELIVERED AT PLACE,60DAYS UPON MONTHLY CUT OFF
20175,MALAYSIA,RM,EXW,EX-WORKS OR EX-WAREHOUSE,60DAYS UPON MONTHLY CUT OFF
20177,TAIWAN,USD,EXW,EX-WORKS OR EX-WAREHOUSE,NULL
20180,MALAYSIA,RM,NULL,NULL,NULL
20182,MALAYSIA,RM,NULL,NULL,30DAYS UPON MONTHLY CUT OFF  
20184,MALAYSIA,RM,DAP,DELIVERED AT PLACE,30DAYS UPON MONTHLY CUT OFF  
20186,TAIWAN,USD,EXW,EX-WORKS OR EX-WAREHOUSE,PAYMENT BEFORE DELIVERY
20189,MALAYSIA,RM,DAP,DELIVERED AT PLACE,30DAYS UPON MONTHLY CUT OFF  
20190,MALAYSIA,RM,NULL,NULL,30DAYS UPON MONTHLY CUT OFF  
20201,MALAYSIA,RM,NULL,NULL,30DAYS UPON MONTHLY CUT OFF  
20203,MALAYSIA,RM,DAP,DELIVERED AT PLACE,NULL
20204,MALAYSIA,RM,NULL,NULL,2 WEEKS
20205,MALAYSIA,RM,NULL,NULL,CASH ON DELIVERY
20210,MALAYSIA,RM,DAP,DELIVERED AT PLACE,30DAYS UPON MONTHLY CUT OFF  
20211,MALAYSIA,RM,DAP,DELIVERED AT PLACE,30DAYS UPON MONTHLY CUT OFF  
20219,TAIWAN,NTD,DAP,DELIVERED AT PLACE,30DAYS UPON MONTHLY CUT OFF  
20221,MALAYSIA,RM,NULL,NULL,30DAYS UPON MONTHLY CUT OFF  
20223,KOREA,USD,EXW,EX-WORKS OR EX-WAREHOUSE,PAYMENT BEFORE DELIVERY
20225,MALAYSIA,RM,NULL,NULL,NULL
20228,TAIWAN,USD,EXW,EX-WORKS OR EX-WAREHOUSE,30DAYS UPON MONTHLY CUT OFF  
20230,MALAYSIA,RM,DAP,DELIVERED AT PLACE,30DAYS UPON MONTHLY CUT OFF  
20232,SINGAPORE,USD,DDU,DELIVERED DUTY UNPAID,30DAYS UPON MONTHLY CUT OFF  
20233,MALAYSIA,RM,NULL,NULL,CASH ON DELIVERY
20235,MALAYSIA,RM,NULL,NULL,NULL
20236,MALAYSIA,RM,DAP,DELIVERED AT PLACE,30DAYS UPON MONTHLY CUT OFF  
20240,MALAYSIA,RM,DAP,DELIVERED AT PLACE,60DAYS UPON MONTHLY CUT OFF
20245,MALAYSIA,RM,DAP,DELIVERED AT PLACE,30DAYS UPON MONTHLY CUT OFF  
20250,MALAYSIA,RM,DAP,DELIVERED AT PLACE,30DAYS UPON MONTHLY CUT OFF  
20252,MALAYSIA,RM,NULL,NULL,30DAYS UPON MONTHLY CUT OFF  
20256,MALAYSIA,RM,NULL,NULL,NULL
20261,MALAYSIA,RM,NULL,NULL,30DAYS UPON MONTHLY CUT OFF  
20262,MALAYSIA,RM,DAP,DELIVERED AT PLACE,30DAYS UPON MONTHLY CUT OFF  
20264,MALAYSIA,RM,NULL,NULL,PAYMENT BEFORE DELIVERY
20265,MALAYSIA,RM,NULL,NULL,30DAYS UPON MONTHLY CUT OFF  
20268,SINGAPORE,USD,NULL,NULL,NULL
20269,MALAYSIA,RM,DAP,DELIVERED AT PLACE,30DAYS UPON MONTHLY CUT OFF  
20273,CHINA,USD,FOB,FREIGHT ON BOARD,30DAYS UPON MONTHLY CUT OFF  
20274,MALAYSIA,RM,DAP,DELIVERED AT PLACE,45DAYS UPON MONTHLY CUT OFF
20277,MALAYSIA,RM,DAP,DELIVERED AT PLACE,30DAYS UPON MONTHLY CUT OFF  
20279,SINGAPORE,USD,NULL,NULL,30DAYS UPON MONTHLY CUT OFF  
20282,MALAYSIA,RM,DAP,DELIVERED AT PLACE,60DAYS UPON MONTHLY CUT OFF
20283,MALAYSIA,RM,DAP,DELIVERED AT PLACE,60DAYS UPON MONTHLY CUT OFF
20284,MALAYSIA,RM,NULL,NULL,30 DAYS NETT 
20285,MALAYSIA,RM,FOB,FREIGHT ON BOARD,60DAYS UPON MONTHLY CUT OFF
20286,MALAYSIA,RM,NULL,NULL,30DAYS UPON MONTHLY CUT OFF  
20288,MALAYSIA,RM,DAP,DELIVERED AT PLACE,30DAYS UPON MONTHLY CUT OFF  
20290,MALAYSIA,RM,EXF,EX-FACTORY,45DAYS UPON MONTHLY CUT OFF
20292,MALAYSIA,RM,DAP,DELIVERED AT PLACE,30DAYS UPON MONTHLY CUT OFF  
20297,MALAYSIA,RM,DAP,DELIVERED AT PLACE,30DAYS UPON MONTHLY CUT OFF  
20304,MALAYSIA,RM,DAP,DELIVERED AT PLACE,30DAYS UPON MONTHLY CUT OFF  
20306,MALAYSIA,RM,CIF,"COST, INSURANCE AND FREIGHT",30DAYS UPON MONTHLY CUT OFF  
20310,MALAYSIA,RM,CIF,"COST, INSURANCE AND FREIGHT",30DAYS UPON MONTHLY CUT OFF  
20312,MALAYSIA,RM,CIF,"COST, INSURANCE AND FREIGHT",60DAYS UPON MONTHLY CUT OFF
20313,MALAYSIA,RM,CIF,"COST, INSURANCE AND FREIGHT",90DAYS UPON MONTHLY CUT OFF
20314,MALAYSIA,RM,DAP,DELIVERED AT PLACE,30DAYS UPON MONTHLY CUT OFF  
20315,MALAYSIA,RM,DAP,DELIVERED AT PLACE,30DAYS UPON MONTHLY CUT OFF  
20318,MALAYSIA,RM,CIF,"COST, INSURANCE AND FREIGHT",NULL
20319,MALAYSIA,RM,DAP,DELIVERED AT PLACE,30DAYS UPON MONTHLY CUT OFF  
20320,MALAYSIA,RM,FOB,FREIGHT ON BOARD,30DAYS UPON MONTHLY CUT OFF  
20321,MALAYSIA,RM,DAP,DELIVERED AT PLACE,60DAYS UPON MONTHLY CUT OFF
20323,MALAYSIA,RM,DAP,DELIVERED AT PLACE,30DAYS UPON MONTHLY CUT OFF  
20324,MALAYSIA,RM,DAP,DELIVERED AT PLACE,30DAYS UPON MONTHLY CUT OFF  
20325,MALAYSIA,RM,DAP,DELIVERED AT PLACE,30DAYS UPON MONTHLY CUT OFF  
20327,MALAYSIA,RM,DAP,DELIVERED AT PLACE,60DAYS UPON MONTHLY CUT OFF
20330,MALAYSIA,RM,DAP,DELIVERED AT PLACE,30DAYS UPON MONTHLY CUT OFF  
20332,MALAYSIA,RM,DAP,DELIVERED AT PLACE,30DAYS UPON MONTHLY CUT OFF  
20333,MALAYSIA,RM,EXW,EX-WORKS OR EX-WAREHOUSE,60DAYS UPON MONTHLY CUT OFF
20334,MALAYSIA,RM,DAP,DELIVERED AT PLACE,30DAYS UPON MONTHLY CUT OFF  
20335,TAIWAN,USD,FOB,FREIGHT ON BOARD,30DAYS UPON ACCEPTANCE
20336,MALAYSIA,RM,DAP,DELIVERED AT PLACE,30DAYS UPON ACCEPTANCE
20337,MALAYSIA,RM,NULL,NULL,30DAYS UPON MONTHLY CUT OFF  
20339,MALAYSIA,RM,DAP,DELIVERED AT PLACE,30DAYS UPON MONTHLY CUT OFF  
20341,SINGAPORE,SGD,FOB,FREIGHT ON BOARD,30DAYS UPON MONTHLY CUT OFF  
20342,MALAYSIA,RM,DAP,DELIVERED AT PLACE,30DAYS UPON MONTHLY CUT OFF  
20343,MALAYSIA,RM,DAP,DELIVERED AT PLACE,CASH ON DELIVERY
20344,MALAYSIA,RM,DAP,DELIVERED AT PLACE,30DAYS UPON MONTHLY CUT OFF  
20345,SINGAPORE,USD,EXW,EX-WORKS OR EX-WAREHOUSE,30 DAYS NETT 
20346,MALAYSIA,RM,DAP,DELIVERED AT PLACE,30DAYS UPON MONTHLY CUT OFF  
20347,MALAYSIA,RM,DAP,DELIVERED AT PLACE,NULL
20348,MALAYSIA,RM,DAP,DELIVERED AT PLACE,30DAYS UPON MONTHLY CUT OFF  
20349,MALAYSIA,RM,DAP,DELIVERED AT PLACE,60DAYS UPON MONTHLY CUT OFF
20350,MALAYSIA,RM,DAP,DELIVERED AT PLACE,CASH ON DELIVERY
20351,MALAYSIA,RM,DAP,DELIVERED AT PLACE,30DAYS UPON MONTHLY CUT OFF  
20352,MALAYSIA,RM,DAP,DELIVERED AT PLACE,60DAYS UPON MONTHLY CUT OFF
20353,MALAYSIA,RM,DAP,DELIVERED AT PLACE,30DAYS UPON MONTHLY CUT OFF  
20354,CHINA,USD,CIF,"COST, INSURANCE AND FREIGHT",30DAYS UPON MONTHLY CUT OFF  
20355,TAIWAN,NTD,FOB,FREIGHT ON BOARD,PAYMENT BEFORE DELIVERY
20356,TAIWAN,NTD,FOB,FREIGHT ON BOARD,PAYMENT BEFORE DELIVERY
20357,TAIWAN,NTD,FOB,FREIGHT ON BOARD,30DAYS UPON MONTHLY CUT OFF  
20358,TAIWAN,NTD,FOB,FREIGHT ON BOARD,30DAYS UPON MONTHLY CUT OFF  
20359,MALAYSIA,RM,FOB,FREIGHT ON BOARD,NULL
20360,TAIWAN,NTD,FOB,FREIGHT ON BOARD,30DAYS UPON MONTHLY CUT OFF  
20361,MALAYSIA,RM,DAP,DELIVERED AT PLACE,30DAYS UPON MONTHLY CUT OFF  
20362,TAIWAN,NTD,FOB,FREIGHT ON BOARD,PAYMENT BEFORE DELIVERY
20363,MALAYSIA,RM,DAP,DELIVERED AT PLACE,30DAYS UPON MONTHLY CUT OFF  
20364,MALAYSIA,RM,DAP,DELIVERED AT PLACE,30DAYS UPON MONTHLY CUT OFF  
20365,MALAYSIA,RM,DAP,DELIVERED AT PLACE,CASH ON DELIVERY
20366,MALAYSIA,RM,DAP,DELIVERED AT PLACE,CASH ON DELIVERY
20368,MALAYSIA,RM,DAP,DELIVERED AT PLACE,30DAYS UPON MONTHLY CUT OFF  
20369,MALAYSIA,RM,DAP,DELIVERED AT PLACE,CASH ON DELIVERY
20370,MALAYSIA,RM,DAP,DELIVERED AT PLACE,30DAYS UPON MONTHLY CUT OFF  
20371,CHINA,USD,FOB,FREIGHT ON BOARD,PAYMENT BEFORE DELIVERY
20372,MALAYSIA,RM,DAP,DELIVERED AT PLACE,60DAYS UPON MONTHLY CUT OFF
20373,MALAYSIA,RM,DAP,DELIVERED AT PLACE,30DAYS UPON MONTHLY CUT OFF  
20374,MALAYSIA,RM,DAP,DELIVERED AT PLACE,60DAYS UPON MONTHLY CUT OFF
20375,MALAYSIA,RM,DAP,DELIVERED AT PLACE,30DAYS UPON MONTHLY CUT OFF  
20376,MALAYSIA,RM,DAP,DELIVERED AT PLACE,30DAYS UPON MONTHLY CUT OFF  
20377,MALAYSIA,RM,DAP,DELIVERED AT PLACE,60 DAYS NETT
20378,MALAYSIA,RM,DAP,DELIVERED AT PLACE,60DAYS UPON MONTHLY CUT OFF
20379,TAIWAN,NTD,FOB,FREIGHT ON BOARD,30DAYS UPON MONTHLY CUT OFF  
20380,MALAYSIA,RM,DAP,DELIVERED AT PLACE,30DAYS UPON MONTHLY CUT OFF  
20382,CHINA,USD,EXW,EX-WORKS OR EX-WAREHOUSE,PAYMENT BEFORE DELIVERY
20383,MALAYSIA,RM,DAP,DELIVERED AT PLACE,30DAYS UPON MONTHLY CUT OFF  
20384,MALAYSIA,RM,DAP,DELIVERED AT PLACE,CASH ON DELIVERY
20385,MALAYSIA,RM,DAP,DELIVERED AT PLACE,CASH ON DELIVERY
20387,MALAYSIA,RM,EXW,EX-WORKS OR EX-WAREHOUSE,30DAYS UPON MONTHLY CUT OFF  
20388,MALAYSIA,RM,DDU,DELIVERED DUTY UNPAID,60DAYS UPON MONTHLY CUT OFF
20389,MALAYSIA,RM,DAP,DELIVERED AT PLACE,30DAYS UPON MONTHLY CUT OFF  
20390,MALAYSIA,RM,DAP,DELIVERED AT PLACE,30DAYS UPON MONTHLY CUT OFF  
20391,MALAYSIA,RM,DAP,DELIVERED AT PLACE,30DAYS UPON MONTHLY CUT OFF  
20392,MALAYSIA,RM,DDU,DELIVERED DUTY UNPAID,30DAYS UPON MONTHLY CUT OFF  
20393,MALAYSIA,RM,DAP,DELIVERED AT PLACE,30DAYS UPON MONTHLY CUT OFF  
20394,MALAYSIA,RM,FOB,FREIGHT ON BOARD,30DAYS UPON MONTHLY CUT OFF  
20395,JAPAN,JPY,DDU,DELIVERED DUTY UNPAID,PAYMENT BEFORE DELIVERY
20396,MALAYSIA,RM,DAP,DELIVERED AT PLACE,30DAYS UPON MONTHLY CUT OFF  
20397,MALAYSIA,RM,DAP,DELIVERED AT PLACE,30DAYS UPON MONTHLY CUT OFF  
20398,MALAYSIA,RM,DAP,DELIVERED AT PLACE,PAYMENT BEFORE DELIVERY
20399,MALAYSIA,RM,DAP,DELIVERED AT PLACE,30DAYS UPON MONTHLY CUT OFF  
20400,MALAYSIA,RM,DDU,DELIVERED DUTY UNPAID,30DAYS UPON MONTHLY CUT OFF  
20401,SINGAPORE,RM,FOB,FREIGHT ON BOARD,PAYMENT BEFORE DELIVERY
20402,MALAYSIA,RM,DAP,DELIVERED AT PLACE,CASH ON DELIVERY
20403,MALAYSIA,RM,DAP,DELIVERED AT PLACE,30DAYS UPON MONTHLY CUT OFF  
20404,MALAYSIA,RM,DAP,DELIVERED AT PLACE,30DAYS UPON MONTHLY CUT OFF  
20405,MALAYSIA,RM,EXW,EX-WORKS OR EX-WAREHOUSE,30DAYS UPON MONTHLY CUT OFF  
20406,MALAYSIA,RM,DAP,DELIVERED AT PLACE,30DAYS UPON MONTHLY CUT OFF  
20407,MALAYSIA,RM,DAP,DELIVERED AT PLACE,CASH ON DELIVERY
20408,MALAYSIA,RM,DAP,DELIVERED AT PLACE,CASH ON DELIVERY
20409,MALAYSIA,RM,DAP,DELIVERED AT PLACE,60DAYS UPON MONTHLY CUT OFF
20410,MALAYSIA,RM,DAP,DELIVERED AT PLACE,30DAYS UPON MONTHLY CUT OFF  
20411,MALAYSIA,RM,DDU,DELIVERED DUTY UNPAID,30DAYS UPON MONTHLY CUT OFF  
20412,SINGAPORE,USD,EXW,EX-WORKS OR EX-WAREHOUSE,30DAYS UPON MONTHLY CUT OFF  
20413,SINGAPORE,USD,EXW,EX-WORKS OR EX-WAREHOUSE,30DAYS UPON MONTHLY CUT OFF  
20414,MALAYSIA,RM,DAP,DELIVERED AT PLACE,30DAYS UPON MONTHLY CUT OFF  
20415,MALAYSIA,RM,DAP,DELIVERED AT PLACE,30DAYS UPON MONTHLY CUT OFF  
20416,MALAYSIA,RM,DAP,DELIVERED AT PLACE,30DAYS UPON MONTHLY CUT OFF  
20417,MALAYSIA,RM,DAP,DELIVERED AT PLACE,30DAYS UPON MONTHLY CUT OFF  
20418,MALAYSIA,RM,DDU,DELIVERED DUTY UNPAID,60DAYS UPON MONTHLY CUT OFF
20419,MALAYSIA,RM,DDU,DELIVERED DUTY UNPAID,30DAYS UPON MONTHLY CUT OFF  
20420,MALAYSIA,RM,EXF,EX-FACTORY,30DAYS UPON MONTHLY CUT OFF  
20421,MALAYSIA,RM,DAP,DELIVERED AT PLACE,30DAYS UPON MONTHLY CUT OFF  
20422,MALAYSIA,RM,EXF,EX-FACTORY,CASH ON DELIVERY
20423,MALAYSIA,RM,DAP,DELIVERED AT PLACE,30DAYS UPON MONTHLY CUT OFF  
20424,MALAYSIA,RM,DAP,DELIVERED AT PLACE,30DAYS UPON MONTHLY CUT OFF  
20425,MALAYSIA,RM,DAP,DELIVERED AT PLACE,CASH ON DELIVERY
20426,TAIWAN,USD,DDU,DELIVERED DUTY UNPAID,30DAYS UPON MONTHLY CUT OFF  
20427,MALAYSIA,RM,DAP,DELIVERED AT PLACE,30DAYS UPON MONTHLY CUT OFF  
20428,MALAYSIA,RM,CIF,"COST, INSURANCE AND FREIGHT",30DAYS UPON MONTHLY CUT OFF  
20429,MALAYSIA,RM,DAP,DELIVERED AT PLACE,30DAYS UPON MONTHLY CUT OFF  
20430,MALAYSIA,RM,DDU,DELIVERED DUTY UNPAID,30DAYS UPON MONTHLY CUT OFF  
20431,MALAYSIA,RM,DAP,DELIVERED AT PLACE,30DAYS UPON MONTHLY CUT OFF  
20432,MALAYSIA,RM,DAP,DELIVERED AT PLACE,30DAYS UPON MONTHLY CUT OFF  
20433,MALAYSIA,RM,EXF,EX-FACTORY,CASH ON DELIVERY
20434,MALAYSIA,RM,DAP,DELIVERED AT PLACE,60DAYS UPON MONTHLY CUT OFF
20435,TAIWAN,USD,FOB,FREIGHT ON BOARD,60DAYS UPON MONTHLY CUT OFF
20436,MALAYSIA,RM,DAP,DELIVERED AT PLACE,30DAYS UPON MONTHLY CUT OFF  
20437,MALAYSIA,RM,DAP,DELIVERED AT PLACE,30DAYS UPON MONTHLY CUT OFF  
20438,MALAYSIA,RM,DAP,DELIVERED AT PLACE,30DAYS UPON MONTHLY CUT OFF  
20439,MALAYSIA,RM,DAP,DELIVERED AT PLACE,CASH ON DELIVERY
20440,MALAYSIA,RM,DAP,DELIVERED AT PLACE,30DAYS UPON MONTHLY CUT OFF  
20441,MALAYSIA,RM,DAP,DELIVERED AT PLACE,CASH ON DELIVERY
20442,MALAYSIA,RM,DAP,DELIVERED AT PLACE,CASH ON DELIVERY
20443,MALAYSIA,RM,DAP,DELIVERED AT PLACE,30DAYS UPON MONTHLY CUT OFF  
20444,MALAYSIA,RM,DAP,DELIVERED AT PLACE,30DAYS UPON MONTHLY CUT OFF  
20445,MALAYSIA,RM,DAP,DELIVERED AT PLACE,2 WEEKS
20446,MALAYSIA,RM,DAP,DELIVERED AT PLACE,30 DAYS NETT 
20447,MALAYSIA,RM,DAP,DELIVERED AT PLACE,30DAYS UPON ACCEPTANCE
20449,CHINA,USD,DAP,DELIVERED AT PLACE,60DAYS UPON MONTHLY CUT OFF
20450,MALAYSIA,RM,DAP,DELIVERED AT PLACE,30DAYS UPON MONTHLY CUT OFF  
20451,MALAYSIA,RM,DAP,DELIVERED AT PLACE,CASH ON DELIVERY
20452,MALAYSIA,RM,DAP,DELIVERED AT PLACE,PAYMENT BEFORE DELIVERY
20453,TAIWAN,USD,DAP,DELIVERED AT PLACE,60DAYS UPON MONTHLY CUT OFF
20454,MALAYSIA,RM,DAP,DELIVERED AT PLACE,CASH ON DELIVERY
20456,MALAYSIA,RM,DAP,DELIVERED AT PLACE,60DAYS UPON MONTHLY CUT OFF
20457,MALAYSIA,RM,DAP,DELIVERED AT PLACE,60DAYS UPON MONTHLY CUT OFF
20458,MALAYSIA,RM,CIF,"COST, INSURANCE AND FREIGHT",CASH ON DELIVERY
20459,CHINA,RM,CIF,"COST, INSURANCE AND FREIGHT",2 WEEKS
20460,MALAYSIA,RM,DAP,DELIVERED AT PLACE,30DAYS UPON MONTHLY CUT OFF  
20461,MALAYSIA,RM,DAP,DELIVERED AT PLACE,CASH ON DELIVERY
20462,TAIWAN,USD,FOB,FREIGHT ON BOARD,PAYMENT BEFORE DELIVERY
20463,MALAYSIA,RM,DAP,DELIVERED AT PLACE,30DAYS UPON MONTHLY CUT OFF  
20464,MALAYSIA,RM,DAP,DELIVERED AT PLACE,CASH ON DELIVERY
20465,TAIWAN,RM,FOB,FREIGHT ON BOARD,PAYMENT BEFORE DELIVERY
20466,MALAYSIA,RM,DAP,DELIVERED AT PLACE,CASH ON DELIVERY
20467,CHINA,USD,EXW,EX-WORKS OR EX-WAREHOUSE,60DAYS UPON MONTHLY CUT OFF
20468,MALAYSIA,RM,DAP,DELIVERED AT PLACE,CASH ON DELIVERY
20469,MALAYSIA,RM,DAP,DELIVERED AT PLACE,CASH ON DELIVERY
20470,MALAYSIA,RM,DAP,DELIVERED AT PLACE,30DAYS UPON MONTHLY CUT OFF  
20471,MALAYSIA,RM,DAP,DELIVERED AT PLACE,30 DAYS NETT 
20472,MALAYSIA,RM,DAP,DELIVERED AT PLACE,2 WEEKS
20473,MALAYSIA,RM,DAP,DELIVERED AT PLACE,30DAYS UPON MONTHLY CUT OFF  
20474,MALAYSIA,RM,DDU,DELIVERED DUTY UNPAID,30DAYS UPON MONTHLY CUT OFF  
20477,MALAYSIA,RM,DAP,DELIVERED AT PLACE,30DAYS UPON MONTHLY CUT OFF  
20478,MALAYSIA,RM,DAP,DELIVERED AT PLACE,30DAYS UPON MONTHLY CUT OFF  
20479,MALAYSIA,RM,DAP,DELIVERED AT PLACE,30DAYS UPON MONTHLY CUT OFF  
20480,MALAYSIA,RM,DAP,DELIVERED AT PLACE,30DAYS UPON MONTHLY CUT OFF  
20481,MALAYSIA,RM,EXW,EX-WORKS OR EX-WAREHOUSE,CASH ON DELIVERY
20482,MALAYSIA,RM,DAP,DELIVERED AT PLACE,30DAYS UPON MONTHLY CUT OFF  
20483,MALAYSIA,RM,DAP,DELIVERED AT PLACE,2 WEEKS
20484,MALAYSIA,RM,DAP,DELIVERED AT PLACE,30DAYS UPON MONTHLY CUT OFF  
20486,MALAYSIA,RM,DAP,DELIVERED AT PLACE,60DAYS UPON MONTHLY CUT OFF
20488,MALAYSIA,RM,DAP,DELIVERED AT PLACE,30DAYS UPON MONTHLY CUT OFF  
20490,MALAYSIA,RM,DAP,DELIVERED AT PLACE,60DAYS UPON MONTHLY CUT OFF
20492,MALAYSIA,RM,DAP,DELIVERED AT PLACE,30DAYS UPON MONTHLY CUT OFF  
20493,MALAYSIA,RM,DAP,DELIVERED AT PLACE,30DAYS UPON MONTHLY CUT OFF  
20494,MALAYSIA,RM,DAP,DELIVERED AT PLACE,30DAYS UPON MONTHLY CUT OFF  
20496,MALAYSIA,RM,DAP,DELIVERED AT PLACE,30 DAYS NETT 
20497,MALAYSIA,RM,DAP,DELIVERED AT PLACE,CASH ON DELIVERY
20498,TAIWAN,NTD,CFR,COST AND FREIGHT,NULL
20499,MALAYSIA,RM,DAP,DELIVERED AT PLACE,30 DAYS NETT 
20500,MALAYSIA,RM,DAP,DELIVERED AT PLACE,30DAYS UPON MONTHLY CUT OFF  
20501,SINGAPORE,USD,EXW,EX-WORKS OR EX-WAREHOUSE,30DAYS UPON MONTHLY CUT OFF  
20502,MALAYSIA,RM,DTD,DOOR TO DOOR,60DAYS UPON MONTHLY CUT OFF
20503,MALAYSIA,USD,DAP,DELIVERED AT PLACE,CASH ON DELIVERY
20505,MALAYSIA,RM,EXW,EX-WORKS OR EX-WAREHOUSE,CASH ON DELIVERY
20506,MALAYSIA,RM,DAP,DELIVERED AT PLACE,30DAYS UPON MONTHLY CUT OFF  
20507,MALAYSIA,RM,DAP,DELIVERED AT PLACE,30DAYS UPON MONTHLY CUT OFF  
20509,MALAYSIA,RM,DAP,DELIVERED AT PLACE,60 DAYS NETT
20510,MALAYSIA,RM,DAP,DELIVERED AT PLACE,30 DAYS NETT 
20511,TAIWAN,USD,CIF,"COST, INSURANCE AND FREIGHT",NULL
20512,CHINA,USD,CIF,"COST, INSURANCE AND FREIGHT",PAYMENT BEFORE DELIVERY
20513,MALAYSIA,RM,DAP,DELIVERED AT PLACE,30DAYS UPON MONTHLY CUT OFF  
20515,MALAYSIA,RM,CIF,"COST, INSURANCE AND FREIGHT",NULL
20517,MALAYSIA,RM,DAP,DELIVERED AT PLACE,CASH ON DELIVERY
20518,MALAYSIA,RM,DAP,DELIVERED AT PLACE,CASH ON DELIVERY
20520,MALAYSIA,RM,DAP,DELIVERED AT PLACE,30DAYS UPON MONTHLY CUT OFF  
20521,MALAYSIA,RM,DAP,DELIVERED AT PLACE,30DAYS UPON MONTHLY CUT OFF  
20522,MALAYSIA,RM,DAP,DELIVERED AT PLACE,NULL
20524,MALAYSIA,RM,DAP,DELIVERED AT PLACE,30 DAYS NETT 
20525,MALAYSIA,RM,CIF,"COST, INSURANCE AND FREIGHT",NULL
20527,MALAYSIA,RM,DAP,DELIVERED AT PLACE,30DAYS UPON MONTHLY CUT OFF  
20528,MALAYSIA,RM,DAP,DELIVERED AT PLACE,30 DAYS NETT 
20529,MALAYSIA,RM,DAP,DELIVERED AT PLACE,CASH ON DELIVERY
20530,MALAYSIA,RM,DAP,DELIVERED AT PLACE,30DAYS UPON MONTHLY CUT OFF  
20531,MALAYSIA,RM,CIF,"COST, INSURANCE AND FREIGHT",NULL
20532,MALAYSIA,RM,DAP,DELIVERED AT PLACE,30DAYS UPON MONTHLY CUT OFF  
20533,MALAYSIA,RM,DAP,DELIVERED AT PLACE,30DAYS UPON MONTHLY CUT OFF  
20534,MALAYSIA,RM,DAP,DELIVERED AT PLACE,CASH ON DELIVERY
20535,MALAYSIA,RM,CIF,"COST, INSURANCE AND FREIGHT",NULL
20536,MALAYSIA,RM,CIF,"COST, INSURANCE AND FREIGHT",NULL
20537,MALAYSIA,RM,CIF,"COST, INSURANCE AND FREIGHT",NULL
20538,MALAYSIA,RM,CIF,"COST, INSURANCE AND FREIGHT",CASH ON DELIVERY
20539,MALAYSIA,RM,DAP,DELIVERED AT PLACE,30DAYS UPON MONTHLY CUT OFF  
20540,TAIWAN,USD,EXW,EX-WORKS OR EX-WAREHOUSE,30DAYS UPON MONTHLY CUT OFF  
20542,TAIWAN,USD,EXW,EX-WORKS OR EX-WAREHOUSE,CASH ON DELIVERY
20543,MALAYSIA,RM,DAP,DELIVERED AT PLACE,PAYMENT BEFORE DELIVERY
20544,MALAYSIA,RM,DAP,DELIVERED AT PLACE,30 DAYS NETT 
20545,MALAYSIA,RM,DAP,DELIVERED AT PLACE,CASH ON DELIVERY
20546,MALAYSIA,RM,DAP,DELIVERED AT PLACE,60 DAYS NETT
20547,MALAYSIA,RM,DAP,DELIVERED AT PLACE,2 WEEKS
20549,CHINA,RM,DDU,DELIVERED DUTY UNPAID,PAYMENT BEFORE DELIVERY
20550,MALAYSIA,RM,DAP,DELIVERED AT PLACE,30DAYS UPON MONTHLY CUT OFF  
20551,CHINA,USD,FCA,FREE CARRIER,30 DAYS NETT 
20552,CHINA,USD,DAP,DELIVERED AT PLACE,30 DAYS NETT 
20553,MALAYSIA,RM,DAP,DELIVERED AT PLACE,CASH ON DELIVERY
20554,MALAYSIA,RM,DAP,DELIVERED AT PLACE,30DAYS UPON MONTHLY CUT OFF  
20555,TAIWAN,USD,FOB,FREIGHT ON BOARD,30DAYS UPON MONTHLY CUT OFF  
20556,MALAYSIA,RM,DAP,DELIVERED AT PLACE,CASH ON DELIVERY
20557,MALAYSIA,RM,DAP,DELIVERED AT PLACE,30 DAYS NETT 
20558,MALAYSIA,RM,DAP,DELIVERED AT PLACE,30DAYS UPON MONTHLY CUT OFF  
20559,MALAYSIA,RM,DAP,DELIVERED AT PLACE,CASH ON DELIVERY
20560,MALAYSIA,RM,DAP,DELIVERED AT PLACE,CASH ON DELIVERY
20561,MALAYSIA,RM,DAP,DELIVERED AT PLACE,30DAYS UPON MONTHLY CUT OFF  
20562,MALAYSIA,RM,DAP,DELIVERED AT PLACE,CASH ON DELIVERY
20563,MALAYSIA,RM,DAP,DELIVERED AT PLACE,CASH ON DELIVERY
20564,MALAYSIA,RM,DAP,DELIVERED AT PLACE,30DAYS UPON ACCEPTANCE
20566,MALAYSIA,RM,DAP,DELIVERED AT PLACE,30DAYS UPON MONTHLY CUT OFF  
20567,MALAYSIA,RM,DAP,DELIVERED AT PLACE,2 WEEKS
20569,MALAYSIA,RM,DAP,DELIVERED AT PLACE,30DAYS UPON MONTHLY CUT OFF  
20570,MALAYSIA,USD,DAP,DELIVERED AT PLACE,30 DAYS NETT 
20571,CHINA,USD,DAP,DELIVERED AT PLACE,30DAYS UPON MONTHLY CUT OFF  
20572,MALAYSIA,RM,DAP,DELIVERED AT PLACE,30 DAYS NETT 
20574,SINGAPORE,USD,EXW,EX-WORKS OR EX-WAREHOUSE,60DAYS UPON MONTHLY CUT OFF
20575,MALAYSIA,RM,DDU,DELIVERED DUTY UNPAID,PAYMENT BEFORE DELIVERY
20576,MALAYSIA,USD,EXW,EX-WORKS OR EX-WAREHOUSE,PAYMENT BEFORE DELIVERY
20577,MALAYSIA,USD,EXW,EX-WORKS OR EX-WAREHOUSE,30DAYS UPON MONTHLY CUT OFF  
20578,MALAYSIA,RM,CIF,"COST, INSURANCE AND FREIGHT",30DAYS UPON MONTHLY CUT OFF  
20579,MALAYSIA,RM,DAP,DELIVERED AT PLACE,30DAYS UPON MONTHLY CUT OFF  
20580,MALAYSIA,RM,DAP,DELIVERED AT PLACE,CASH ON DELIVERY
20581,MALAYSIA,RM,EXW,EX-WORKS OR EX-WAREHOUSE,CASH ON DELIVERY
20582,MALAYSIA,RM,DAP,DELIVERED AT PLACE,30DAYS UPON MONTHLY CUT OFF  
20583,MALAYSIA,RM,DAP,DELIVERED AT PLACE,PAYMENT BEFORE DELIVERY
20584,TAIWAN,USD,EXW,EX-WORKS OR EX-WAREHOUSE,PAYMENT BEFORE DELIVERY
20585,MALAYSIA,RM,DAP,DELIVERED AT PLACE,30DAYS UPON MONTHLY CUT OFF  
20586,TAIWAN,USD,EXW,EX-WORKS OR EX-WAREHOUSE,30 DAYS NETT 
20587,MALAYSIA,RM,DAP,DELIVERED AT PLACE,30DAYS UPON MONTHLY CUT OFF  
20588,MALAYSIA,RM,DAP,DELIVERED AT PLACE,60DAYS UPON MONTHLY CUT OFF
20591,MALAYSIA,RM,DAP,DELIVERED AT PLACE,30DAYS UPON MONTHLY CUT OFF  
20592,MALAYSIA,RM,DAP,DELIVERED AT PLACE,CASH ON DELIVERY
20594,TAIWAN,USD,FOB,FREIGHT ON BOARD,PAYMENT UPON PO ISSUED
20595,MALAYSIA,RM,DAP,DELIVERED AT PLACE,30DAYS UPON MONTHLY CUT OFF  
20596,MALAYSIA,RM,DAP,DELIVERED AT PLACE,30DAYS UPON MONTHLY CUT OFF  
20597,MALAYSIA,RM,DAP,DELIVERED AT PLACE,30DAYS UPON MONTHLY CUT OFF  
20598,TAIWAN,USD,FOB,FREIGHT ON BOARD,PAYMENT BEFORE DELIVERY
20599,MALAYSIA,RM,DAP,DELIVERED AT PLACE,30DAYS UPON MONTHLY CUT OFF  
20600,MALAYSIA,RM,DAP,DELIVERED AT PLACE,30DAYS UPON MONTHLY CUT OFF  
20601,MALAYSIA,RM,EXW,EX-WORKS OR EX-WAREHOUSE,CASH ON DELIVERY
20602,MALAYSIA,RM,DAP,DELIVERED AT PLACE,60DAYS UPON MONTHLY CUT OFF
20603,MALAYSIA,RM,DAP,DELIVERED AT PLACE,30DAYS UPON MONTHLY CUT OFF  
20604,MALAYSIA,RM,DAP,DELIVERED AT PLACE,30 DAYS NETT 
20605,MALAYSIA,USD,DAP,DELIVERED AT PLACE,30DAYS UPON MONTHLY CUT OFF  
20606,MALAYSIA,RM,DDP,DELIVERED DUTY PAID,30DAYS UPON MONTHLY CUT OFF  
20608,MALAYSIA,RM,DAP,DELIVERED AT PLACE,60DAYS UPON MONTHLY CUT OFF
20609,MALAYSIA,RM,DAP,DELIVERED AT PLACE,30DAYS UPON MONTHLY CUT OFF  
20610,MALAYSIA,RM,DAP,DELIVERED AT PLACE,30DAYS UPON MONTHLY CUT OFF  
20611,MALAYSIA,RM,DAP,DELIVERED AT PLACE,NULL
20612,MALAYSIA,RM,DAP,DELIVERED AT PLACE,2 WEEKS
20613,TAIWAN,USD,FOB,FREIGHT ON BOARD,PAYMENT BEFORE DELIVERY
20614,MALAYSIA,RM,DAP,DELIVERED AT PLACE,30DAYS UPON MONTHLY CUT OFF  
20615,MALAYSIA,RM,DAP,DELIVERED AT PLACE,30DAYS UPON MONTHLY CUT OFF  
20616,TAIWAN,NTD,FOB,FREIGHT ON BOARD,PAYMENT BEFORE DELIVERY
20617,MALAYSIA,RM,CIF,"COST, INSURANCE AND FREIGHT",30 DAYS NETT 
20618,MALAYSIA,RM,DAP,DELIVERED AT PLACE,CASH ON DELIVERY
20619,MALAYSIA,RM,DAP,DELIVERED AT PLACE,30 DAYS NETT 
20620,MALAYSIA,RM,DAP,DELIVERED AT PLACE,30DAYS UPON MONTHLY CUT OFF  
20621,CHINA,RMB,DAP,DELIVERED AT PLACE,60DAYS UPON MONTHLY CUT OFF
20622,CHINA,USD,FOB,FREIGHT ON BOARD,30DAYS UPON MONTHLY CUT OFF  
20623,MALAYSIA,RM,DAP,DELIVERED AT PLACE,30DAYS UPON MONTHLY CUT OFF  
20624,MALAYSIA,RM,DAP,DELIVERED AT PLACE,30DAYS UPON MONTHLY CUT OFF  
20626,TAIWAN,RM,EXF,EX-FACTORY,PAYMENT BEFORE DELIVERY
20627,MALAYSIA,RM,EXW,EX-WORKS OR EX-WAREHOUSE,CASH ON DELIVERY
20628,MALAYSIA,RM,CIF,"COST, INSURANCE AND FREIGHT",PAYMENT BEFORE DELIVERY
20629,MALAYSIA,RM,DAP,DELIVERED AT PLACE,30DAYS UPON MONTHLY CUT OFF  
20630,MALAYSIA,RM,DAP,DELIVERED AT PLACE,30DAYS UPON MONTHLY CUT OFF  
20631,MALAYSIA,RM,CIF,"COST, INSURANCE AND FREIGHT",CASH ON DELIVERY
20632,MALAYSIA,RM,DAP,DELIVERED AT PLACE,PAYMENT BEFORE DELIVERY
20633,MALAYSIA,RM,DAP,DELIVERED AT PLACE,PAYMENT BEFORE DELIVERY
20634,MALAYSIA,RM,CIF,"COST, INSURANCE AND FREIGHT",30DAYS UPON MONTHLY CUT OFF  
20635,MALAYSIA,RM,DAP,DELIVERED AT PLACE,30DAYS UPON MONTHLY CUT OFF  
20636,SINGAPORE,SGD,FOB,FREIGHT ON BOARD,PAYMENT BEFORE DELIVERY
20637,TAIWAN,NTD,EXW,EX-WORKS OR EX-WAREHOUSE,PAYMENT UPON PO ISSUED
20638,SINGAPORE,USD,DAP,DELIVERED AT PLACE,30DAYS UPON MONTHLY CUT OFF  
20639,SINGAPORE,USD,FOB,FREIGHT ON BOARD,30DAYS UPON MONTHLY CUT OFF  
20640,MALAYSIA,RM,DAP,DELIVERED AT PLACE,60 DAYS NETT
20641,MALAYSIA,RM,DAP,DELIVERED AT PLACE,30DAYS UPON MONTHLY CUT OFF  
20642,TAIWAN,USD,EXW,EX-WORKS OR EX-WAREHOUSE,PAYMENT BEFORE DELIVERY
20643,MALAYSIA,RM,DAP,DELIVERED AT PLACE,2 WEEKS
20644,TAIWAN,USD,CIF,"COST, INSURANCE AND FREIGHT",PAYMENT BEFORE DELIVERY
20646,TAIWAN,USD,EXW,EX-WORKS OR EX-WAREHOUSE,PAYMENT BEFORE DELIVERY
20647,TAIWAN,USD,EXW,EX-WORKS OR EX-WAREHOUSE,PAYMENT BEFORE DELIVERY
20648,MALAYSIA,RM,DAP,DELIVERED AT PLACE,30DAYS UPON MONTHLY CUT OFF  
20649,MALAYSIA,RM,DAP,DELIVERED AT PLACE,2 WEEKS
20651,MALAYSIA,RM,DAP,DELIVERED AT PLACE,30DAYS UPON MONTHLY CUT OFF  
20652,TAIWAN,USD,EXW,EX-WORKS OR EX-WAREHOUSE,2 WEEKS
20653,MALAYSIA,RM,DAP,DELIVERED AT PLACE,30 DAYS NETT 
20654,MALAYSIA,RM,DAP,DELIVERED AT PLACE,30 DAYS NETT 
20658,MALAYSIA,RM,DAP,DELIVERED AT PLACE,30 DAYS NETT 
20659,MALAYSIA,RM,DAP,DELIVERED AT PLACE,2 WEEKS
20660,MALAYSIA,RM,DAP,DELIVERED AT PLACE,30DAYS UPON MONTHLY CUT OFF  
20661,MALAYSIA,RM,DAP,DELIVERED AT PLACE,30DAYS UPON MONTHLY CUT OFF  
20663,MALAYSIA,RM,DAP,DELIVERED AT PLACE,30DAYS UPON MONTHLY CUT OFF  
20664,TAIWAN,USD,EXW,EX-WORKS OR EX-WAREHOUSE,PAYMENT UPON PO ISSUED
20665,TAIWAN,USD,CIF,"COST, INSURANCE AND FREIGHT",PAYMENT BEFORE DELIVERY
20667,KOREA,USD,EXW,EX-WORKS OR EX-WAREHOUSE,PAYMENT UPON PO ISSUED
20669,MALAYSIA,RM,DAP,DELIVERED AT PLACE,30DAYS UPON MONTHLY CUT OFF  
20671,MALAYSIA,RM,DAP,DELIVERED AT PLACE,2 WEEKS
20672,MALAYSIA,RM,DAP,DELIVERED AT PLACE,30DAYS UPON MONTHLY CUT OFF  
20673,TAIWAN,NTD,DAP,DELIVERED AT PLACE,30DAYS UPON MONTHLY CUT OFF  
20674,THAILAND,USD,EXW,EX-WORKS OR EX-WAREHOUSE,PAYMENT BEFORE DELIVERY
20675,TAIWAN,NTD,DAP,DELIVERED AT PLACE,30DAYS UPON MONTHLY CUT OFF  
20677,MALAYSIA,RM,DAP,DELIVERED AT PLACE,CASH ON DELIVERY
20679,MALAYSIA,RM,DAP,DELIVERED AT PLACE,30DAYS UPON MONTHLY CUT OFF  
20681,TAIWAN,USD,EXW,EX-WORKS OR EX-WAREHOUSE,PAYMENT BEFORE DELIVERY
20682,CHINA,USD,FOB,FREIGHT ON BOARD,30 DAYS NETT 
20683,MALAYSIA,RM,DAP,DELIVERED AT PLACE,PAYMENT BEFORE DELIVERY
20684,TAIWAN,USD,FOB,FREIGHT ON BOARD,PAYMENT BEFORE DELIVERY
20686,MALAYSIA,RM,DAP,DELIVERED AT PLACE,PAYMENT UPON PO ISSUED
20688,MALAYSIA,RM,DAP,DELIVERED AT PLACE,CASH ON DELIVERY
20689,SINGAPORE,JPY,CIF,"COST, INSURANCE AND FREIGHT",30DAYS UPON MONTHLY CUT OFF  
20690,CHINA,USD,EXW,EX-WORKS OR EX-WAREHOUSE,PAYMENT BEFORE DELIVERY
20691,MALAYSIA,RM,DAP,DELIVERED AT PLACE,CASH ON DELIVERY
20692,MALAYSIA,RM,CIF,"COST, INSURANCE AND FREIGHT",2 WEEKS
20693,CHINA,USD,CIF,"COST, INSURANCE AND FREIGHT",90DAYS UPON MONTHLY CUT OFF
20694,TAIWAN,JPY,CIF,"COST, INSURANCE AND FREIGHT",30DAYS NET INVOICING DATE
20696,MALAYSIA,RM,DAP,DELIVERED AT PLACE,CASH ON DELIVERY
20697,MALAYSIA,RM,DAP,DELIVERED AT PLACE,PAYMENT BEFORE DELIVERY
20698,MALAYSIA,RM,DAP,DELIVERED AT PLACE,30DAYS UPON MONTHLY CUT OFF  
20699,TAIWAN,USD,FOB,FREIGHT ON BOARD,PAYMENT BEFORE DELIVERY
20700,MALAYSIA,RM,DAP,DELIVERED AT PLACE,PAYMENT BEFORE DELIVERY
20701,CHINA,USD,FOB,FREIGHT ON BOARD,75 DAYS UPON MONTH END CUT OFF
20702,MALAYSIA,RM,DAP,DELIVERED AT PLACE,75 DAYS UPON MONTH END CUT OFF
20703,MALAYSIA,RM,CIF,"COST, INSURANCE AND FREIGHT",CASH ON DELIVERY
20707,MALAYSIA,RM,DAP,DELIVERED AT PLACE,60DAYS UPON MONTHLY CUT OFF
20709,MALAYSIA,RM,DAP,DELIVERED AT PLACE,PAYMENT BEFORE DELIVERY
20710,MALAYSIA,RM,DAP,DELIVERED AT PLACE,CASH ON DELIVERY
20712,MALAYSIA,RM,DAP,DELIVERED AT PLACE,30DAYS UPON MONTHLY CUT OFF  
20713,MALAYSIA,RM,DAP,DELIVERED AT PLACE,30DAYS UPON MONTHLY CUT OFF  
20714,MALAYSIA,RM,DAP,DELIVERED AT PLACE,30DAYS UPON MONTHLY CUT OFF  
20715,MALAYSIA,RM,DAP,DELIVERED AT PLACE,CASH ON DELIVERY
20718,MALAYSIA,RM,DAP,DELIVERED AT PLACE,CASH ON DELIVERY
20719,MALAYSIA,RM,DAP,DELIVERED AT PLACE,CASH ON DELIVERY
20720,MALAYSIA,RM,DAP,DELIVERED AT PLACE,30DAYS UPON MONTHLY CUT OFF  
20721,MALAYSIA,RM,DAP,DELIVERED AT PLACE,30 DAYS NETT 
20722,SINGAPORE,SGD,EXW,EX-WORKS OR EX-WAREHOUSE,PAYMENT BEFORE DELIVERY
20723,MALAYSIA,RM,DAP,DELIVERED AT PLACE,PAYMENT BEFORE DELIVERY
20725,MALAYSIA,RM,DAP,DELIVERED AT PLACE,CASH ON DELIVERY
20726,MALAYSIA,RM,DAP,DELIVERED AT PLACE,CASH ON DELIVERY
20727,SWEDEN,RM,EXW,EX-WORKS OR EX-WAREHOUSE,NULL
20728,MALAYSIA,RM,DAP,DELIVERED AT PLACE,CASH ON DELIVERY
20729,MALAYSIA,RM,EXW,EX-WORKS OR EX-WAREHOUSE,CASH ON DELIVERY
20730,CHINA,JPY,CIF,"COST, INSURANCE AND FREIGHT",PAYMENT BEFORE DELIVERY
20731,MALAYSIA,RM,DAP,DELIVERED AT PLACE,30DAYS UPON MONTHLY CUT OFF  
20732,MALAYSIA,RM,EXW,EX-WORKS OR EX-WAREHOUSE,30DAYS UPON MONTHLY CUT OFF  
20734,MALAYSIA,RM,EXW,EX-WORKS OR EX-WAREHOUSE,30 DAYS NETT 
20735,GERMANY,EURO,FCA,FREE CARRIER,PAYMENT BEFORE DELIVERY
20738,MALAYSIA,RM,DAP,DELIVERED AT PLACE,30DAYS UPON MONTHLY CUT OFF  
20739,MALAYSIA,RM,DAP,DELIVERED AT PLACE,2 WEEKS
20740,TAIWAN,NTD,DAP,DELIVERED AT PLACE,2 WEEKS
20741,USA,USD,DAP,DELIVERED AT PLACE,30 DAYS NETT 
20742,SINGAPORE,USD,FCA,FREE CARRIER,PAYMENT BEFORE DELIVERY
20743,MALAYSIA,RM,DAP,DELIVERED AT PLACE,30DAYS UPON MONTHLY CUT OFF  
20744,TAIWAN,USD,FOB,FREIGHT ON BOARD,PAYMENT BEFORE DELIVERY
20746,MALAYSIA,RM,DAP,DELIVERED AT PLACE,60 DAYS NETT
20747,MALAYSIA,RM,DAP,DELIVERED AT PLACE,30DAYS UPON MONTHLY CUT OFF  
20748,CHINA,USD,FOB,FREIGHT ON BOARD,30 DAYS NETT 
20749,MALAYSIA,RM,DAP,DELIVERED AT PLACE,PAYMENT UPON PO ISSUED
20751,MALAYSIA,RM,DAP,DELIVERED AT PLACE,PAYMENT BEFORE DELIVERY
20752,TAIWAN,USD,FOB,FREIGHT ON BOARD,PAYMENT BEFORE DELIVERY
20753,MALAYSIA,RM,DAP,DELIVERED AT PLACE,PAYMENT BEFORE DELIVERY
20754,MALAYSIA,RM,DAP,DELIVERED AT PLACE,CASH ON DELIVERY
20755,MALAYSIA,RM,DAP,DELIVERED AT PLACE,CASH ON DELIVERY
20756,KOREA,USD,DAP,DELIVERED AT PLACE,30 DAYS NETT 
20757,MALAYSIA,RM,DAP,DELIVERED AT PLACE,PAYMENT BEFORE DELIVERY
20758,MALAYSIA,RM,DAP,DELIVERED AT PLACE,PAYMENT BEFORE DELIVERY
20759,MALAYSIA,RM,DAP,DELIVERED AT PLACE,30DAYS UPON MONTHLY CUT OFF  
20760,MALAYSIA,RM,DAP,DELIVERED AT PLACE,30 DAYS NETT 
20761,MALAYSIA,RM,DAP,DELIVERED AT PLACE,30DAYS UPON MONTHLY CUT OFF  
20762,MALAYSIA,RM,EXW,EX-WORKS OR EX-WAREHOUSE,60 DAYS NETT
20763,MALAYSIA,RM,DAP,DELIVERED AT PLACE,30DAYS UPON MONTHLY CUT OFF  
20764,MALAYSIA,RM,DAP,DELIVERED AT PLACE,30DAYS UPON MONTHLY CUT OFF  
20765,MALAYSIA,RM,DAP,DELIVERED AT PLACE,30DAYS UPON MONTHLY CUT OFF  
20766,CHINA,USD,FOB,FREIGHT ON BOARD,PAYMENT BEFORE DELIVERY
20768,MALAYSIA,RM,DAP,DELIVERED AT PLACE,30DAYS UPON MONTHLY CUT OFF  
20769,MALAYSIA,RM,DAP,DELIVERED AT PLACE,PAYMENT BEFORE DELIVERY
20770,MALAYSIA,RM,DAP,DELIVERED AT PLACE,30DAYS UPON MONTHLY CUT OFF  
20771,MALAYSIA,RM,DAP,DELIVERED AT PLACE,PAYMENT BEFORE DELIVERY
20772,TAIWAN,USD,CIF,"COST, INSURANCE AND FREIGHT",90 DAYS NETT
20773,MALAYSIA,RM,DAP,DELIVERED AT PLACE,30DAYS UPON MONTHLY CUT OFF  
20774,MALAYSIA,RM,DAP,DELIVERED AT PLACE,30DAYS UPON MONTHLY CUT OFF  
20775,MALAYSIA,RM,DAP,DELIVERED AT PLACE,PAYMENT BEFORE DELIVERY
20776,MALAYSIA,RM,DAP,DELIVERED AT PLACE,30DAYS UPON MONTHLY CUT OFF  
20777,MALAYSIA,RM,DAP,DELIVERED AT PLACE,PAYMENT BEFORE DELIVERY
20779,MALAYSIA,RM,DAP,DELIVERED AT PLACE,PAYMENT BEFORE DELIVERY
20781,MALAYSIA,RM,DAP,DELIVERED AT PLACE,75 DAYS NETT
20782,MALAYSIA,RM,DAP,DELIVERED AT PLACE,30DAYS NET INVOICING DATE
20783,MALAYSIA,RM,DAP,DELIVERED AT PLACE,60DAYS UPON MONTHLY CUT OFF
20784,MALAYSIA,RM,DAP,DELIVERED AT PLACE,30DAYS UPON MONTHLY CUT OFF  
20785,MALAYSIA,RM,DAP,DELIVERED AT PLACE,2 WEEKS
20786,MALAYSIA,RM,DAP,DELIVERED AT PLACE,30DAYS UPON MONTHLY CUT OFF  
20787,CHINA,USD,EXW,EX-WORKS OR EX-WAREHOUSE,PAYMENT BEFORE DELIVERY
20788,MALAYSIA,RM,DAP,DELIVERED AT PLACE,30 DAYS NETT 
20789,MALAYSIA,RM,DAP,DELIVERED AT PLACE,30DAYS UPON MONTHLY CUT OFF  
20790,MALAYSIA,RM,DAP,DELIVERED AT PLACE,CASH ON DELIVERY
20792,MALAYSIA,RM,DAP,DELIVERED AT PLACE,60DAYS UPON MONTHLY CUT OFF
20793,TAIWAN,USD,DAP,DELIVERED AT PLACE,PAYMENT BEFORE DELIVERY
20794,MALAYSIA,RM,DAP,DELIVERED AT PLACE,30DAYS UPON MONTHLY CUT OFF  
20796,MALAYSIA,RM,DDU,DELIVERED DUTY UNPAID,30DAYS UPON MONTHLY CUT OFF  
20797,MALAYSIA,RM,DAP,DELIVERED AT PLACE,PAYMENT UPON PO ISSUED
20798,SINGAPORE,USD,DAP,DELIVERED AT PLACE,PAYMENT BEFORE DELIVERY
20799,MALAYSIA,RM,DDU,DELIVERED DUTY UNPAID,30DAYS UPON MONTHLY CUT OFF  
20800,MALAYSIA,RM,DAP,DELIVERED AT PLACE,30DAYS UPON MONTHLY CUT OFF  
20801,MALAYSIA,RM,DAP,DELIVERED AT PLACE,30DAYS UPON MONTHLY CUT OFF  
20802,MALAYSIA,RM,DAP,DELIVERED AT PLACE,2 WEEKS
20804,MALAYSIA,RM,DAP,DELIVERED AT PLACE,30DAYS UPON MONTHLY CUT OFF  
20805,MALAYSIA,RM,DAP,DELIVERED AT PLACE,30 DAYS NETT 
20806,MALAYSIA,RM,DAP,DELIVERED AT PLACE,PAYMENT BEFORE DELIVERY
20807,MALAYSIA,RM,EXW,EX-WORKS OR EX-WAREHOUSE,PAYMENT BEFORE DELIVERY
20808,THAILAND,NTD,FOB,FREIGHT ON BOARD,PAYMENT BEFORE DELIVERY
20811,TAIWAN,USD,EXW,EX-WORKS OR EX-WAREHOUSE,PAYMENT BEFORE DELIVERY
20812,TAIWAN,USD,EXW,EX-WORKS OR EX-WAREHOUSE,PAYMENT BEFORE DELIVERY
20813,MALAYSIA,RM,DAP,DELIVERED AT PLACE,30DAYS UPON MONTHLY CUT OFF  
20814,CHINA,USD,DAP,DELIVERED AT PLACE,30 DAYS NETT 
20815,CHINA,USD,FOB,FREIGHT ON BOARD,PAYMENT BEFORE DELIVERY
20816,MALAYSIA,RM,DAP,DELIVERED AT PLACE,30DAYS UPON MONTHLY CUT OFF  
20823,SINGAPORE,USD,DDU,DELIVERED DUTY UNPAID,CASH ON DELIVERY
20824,TAIWAN,USD,FOB,FREIGHT ON BOARD,30DAYS UPON MONTHLY CUT OFF  
20827,TAIWAN,USD,EXW,EX-WORKS OR EX-WAREHOUSE,PAYMENT BEFORE DELIVERY
20828,MALAYSIA,RM,DAP,DELIVERED AT PLACE,60DAYS UPON MONTHLY CUT OFF
20829,TAIWAN,NTD,EXW,EX-WORKS OR EX-WAREHOUSE,PAYMENT BEFORE DELIVERY
20830,TAIWAN,USD,FOB,FREIGHT ON BOARD,PAYMENT BEFORE DELIVERY
20831,MALAYSIA,RM,DAP,DELIVERED AT PLACE,30 DAYS NETT 
20832,MALAYSIA,RM,DAP,DELIVERED AT PLACE,30DAYS UPON MONTHLY CUT OFF  
20834,CHINA,USD,EXW,EX-WORKS OR EX-WAREHOUSE,30 DAYS NETT 
20835,MALAYSIA,RM,DAP,DELIVERED AT PLACE,CASH ON DELIVERY
20836,MALAYSIA,RM,DAP,DELIVERED AT PLACE,PAYMENT BEFORE DELIVERY
20837,MALAYSIA,RM,EXW,EX-WORKS OR EX-WAREHOUSE,30DAYS NET INVOICING DATE
20838,MALAYSIA,RM,DAP,DELIVERED AT PLACE,PAYMENT BEFORE DELIVERY
20839,MALAYSIA,RM,DAP,DELIVERED AT PLACE,PAYMENT BEFORE DELIVERY
20841,MALAYSIA,RM,DAP,DELIVERED AT PLACE,30DAYS UPON MONTHLY CUT OFF  
20842,TAIWAN,USD,CIF,"COST, INSURANCE AND FREIGHT",PAYMENT BEFORE DELIVERY
20843,TAIWAN,USD,EXW,EX-WORKS OR EX-WAREHOUSE,PAYMENT BEFORE DELIVERY
20844,SINGAPORE,USD,DDU,DELIVERED DUTY UNPAID,PAYMENT BEFORE DELIVERY
20846,MALAYSIA,RM,DAP,DELIVERED AT PLACE,2 WEEKS
20848,TAIWAN,NTD,EXW,EX-WORKS OR EX-WAREHOUSE,PAYMENT BEFORE DELIVERY
20849,MALAYSIA,RM,DAP,DELIVERED AT PLACE,30DAYS UPON MONTHLY CUT OFF  
20850,MALAYSIA,RM,DAP,DELIVERED AT PLACE,30DAYS UPON MONTHLY CUT OFF  
20851,TAIWAN,USD,EXW,EX-WORKS OR EX-WAREHOUSE,PAYMENT BEFORE DELIVERY
20853,MALAYSIA,RM,DAP,DELIVERED AT PLACE,2 WEEKS
20854,MALAYSIA,RM,DAP,DELIVERED AT PLACE,30DAYS UPON MONTHLY CUT OFF  
20855,MALAYSIA,RM,DAP,DELIVERED AT PLACE,CASH ON DELIVERY
20856,MALAYSIA,RM,DAP,DELIVERED AT PLACE,30DAYS UPON MONTHLY CUT OFF  
20857,MALAYSIA,RM,DAP,DELIVERED AT PLACE,30DAYS UPON MONTHLY CUT OFF  
20858,TAIWAN,NTD,EXW,EX-WORKS OR EX-WAREHOUSE,PAYMENT BEFORE DELIVERY
20859,MALAYSIA,RM,DAP,DELIVERED AT PLACE,30DAYS UPON MONTHLY CUT OFF  
20860,MALAYSIA,RM,DAP,DELIVERED AT PLACE,2 WEEKS
20863,TAIWAN,NTD,EXW,EX-WORKS OR EX-WAREHOUSE,PAYMENT BEFORE DELIVERY
20864,MALAYSIA,RM,DAP,DELIVERED AT PLACE,30DAYS UPON MONTHLY CUT OFF  
20866,MALAYSIA,RM,DAP,DELIVERED AT PLACE,30DAYS UPON MONTHLY CUT OFF  
20868,CHINA,USD,DAP,DELIVERED AT PLACE,CASH ON DELIVERY
20869,MALAYSIA,RM,DAP,DELIVERED AT PLACE,30DAYS UPON MONTHLY CUT OFF  
20870,TAIWAN,NTD,EXW,EX-WORKS OR EX-WAREHOUSE,2 WEEKS
20871,MALAYSIA,RM,DAP,DELIVERED AT PLACE,60DAYS UPON MONTHLY CUT OFF
20872,MALAYSIA,RM,DAP,DELIVERED AT PLACE,30DAYS UPON MONTHLY CUT OFF  
20873,MALAYSIA,RM,DAP,DELIVERED AT PLACE,60DAYS UPON MONTHLY CUT OFF
20875,MALAYSIA,RM,DAP,DELIVERED AT PLACE,PAYMENT BEFORE DELIVERY
20876,MALAYSIA,RM,DAP,DELIVERED AT PLACE,PAYMENT BEFORE DELIVERY
20877,MALAYSIA,RM,DAP,DELIVERED AT PLACE,30DAYS UPON MONTHLY CUT OFF  
20878,MALAYSIA,RM,DAP,DELIVERED AT PLACE,30DAYS UPON MONTHLY CUT OFF  
20879,CHINA,RM,FOB,FREIGHT ON BOARD,PAYMENT BEFORE DELIVERY
20880,MALAYSIA,RM,DAP,DELIVERED AT PLACE,60DAYS UPON MONTHLY CUT OFF
20881,MALAYSIA,RM,DAP,DELIVERED AT PLACE,30DAYS UPON MONTHLY CUT OFF  
20882,MALAYSIA,RM,DAP,DELIVERED AT PLACE,30DAYS UPON MONTHLY CUT OFF  
20883,MALAYSIA,RM,DAP,DELIVERED AT PLACE,60DAYS UPON MONTHLY CUT OFF
20884,MALAYSIA,RM,DAP,DELIVERED AT PLACE,PAYMENT BEFORE DELIVERY
20885,TAIWAN,USD,EXW,EX-WORKS OR EX-WAREHOUSE,PAYMENT BEFORE DELIVERY
20886,MALAYSIA,RM,DAP,DELIVERED AT PLACE,30DAYS UPON MONTHLY CUT OFF  
20887,MALAYSIA,RM,DAP,DELIVERED AT PLACE,30DAYS UPON MONTHLY CUT OFF  
20888,MALAYSIA,RM,DAP,DELIVERED AT PLACE,30DAYS UPON MONTHLY CUT OFF  
20889,MALAYSIA,RM,DAP,DELIVERED AT PLACE,CASH ON DELIVERY
20890,MALAYSIA,RM,DAP,DELIVERED AT PLACE,PAYMENT BEFORE DELIVERY
20891,MALAYSIA,NTD,DDU,DELIVERED DUTY UNPAID,PAYMENT BEFORE DELIVERY
20892,MALAYSIA,RM,DAP,DELIVERED AT PLACE,30DAYS UPON MONTHLY CUT OFF  
20893,TAIWAN,USD,EXW,EX-WORKS OR EX-WAREHOUSE,PAYMENT BEFORE DELIVERY
20894,CHINA,USD,EXW,EX-WORKS OR EX-WAREHOUSE,PAYMENT BEFORE DELIVERY
20895,MALAYSIA,RM,CIF,"COST, INSURANCE AND FREIGHT",PAYMENT BEFORE DELIVERY
20896,MALAYSIA,RM,DAP,DELIVERED AT PLACE,PAYMENT BEFORE DELIVERY
20897,USA,USD,DAP,DELIVERED AT PLACE,30DAYS UPON MONTHLY CUT OFF  
20898,MALAYSIA,RM,EXW,EX-WORKS OR EX-WAREHOUSE,CASH ON DELIVERY
20899,MALAYSIA,RM,DAP,DELIVERED AT PLACE,30DAYS UPON MONTHLY CUT OFF  
20900,MALAYSIA,RM,DAP,DELIVERED AT PLACE,CASH ON DELIVERY
20901,MALAYSIA,RM,DAP,DELIVERED AT PLACE,CASH ON DELIVERY
20902,TAIWAN,USD,EXW,EX-WORKS OR EX-WAREHOUSE,PAYMENT BEFORE DELIVERY
20903,MALAYSIA,RM,DAP,DELIVERED AT PLACE,CASH ON DELIVERY
20904,MALAYSIA,RM,DAP,DELIVERED AT PLACE,30 DAYS NETT 
20905,TAIWAN,USD,EXF,EX-FACTORY,PAYMENT BEFORE DELIVERY
20907,MALAYSIA,RM,DAP,DELIVERED AT PLACE,PAYMENT BEFORE DELIVERY
20909,MALAYSIA,RM,DAP,DELIVERED AT PLACE,30 DAYS NETT 
20910,CHINA,USD,CIF,"COST, INSURANCE AND FREIGHT",90DAYS UPON MONTHLY CUT OFF
20911,TAIWAN,RM,EXW,EX-WORKS OR EX-WAREHOUSE,PAYMENT BEFORE DELIVERY
20912,MALAYSIA,RM,DAP,DELIVERED AT PLACE,PAYMENT BEFORE DELIVERY
20913,MALAYSIA,RM,DAP,DELIVERED AT PLACE,PAYMENT BEFORE DELIVERY
20914,MALAYSIA,RM,DAP,DELIVERED AT PLACE,30DAYS UPON MONTHLY CUT OFF  
20915,TAIWAN,NTD,EXW,EX-WORKS OR EX-WAREHOUSE,PAYMENT BEFORE DELIVERY
20916,MALAYSIA,RM,DAP,DELIVERED AT PLACE,CASH ON DELIVERY
20917,MALAYSIA,RM,DAP,DELIVERED AT PLACE,30DAYS UPON MONTHLY CUT OFF  
20919,MALAYSIA,RM,DAP,DELIVERED AT PLACE,60 DAYS NETT
20920,TAIWAN,NTD,EXW,EX-WORKS OR EX-WAREHOUSE,PAYMENT BEFORE DELIVERY
20921,MALAYSIA,RM,DAP,DELIVERED AT PLACE,PAYMENT BEFORE DELIVERY
20922,TAIWAN,USD,FOB,FREIGHT ON BOARD,PAYMENT UPON PO ISSUED
20923,TAIWAN,USD,EXW,EX-WORKS OR EX-WAREHOUSE,PAYMENT BEFORE DELIVERY
20924,MALAYSIA,RM,DAP,DELIVERED AT PLACE,PAYMENT BEFORE DELIVERY
20925,MALAYSIA,RM,DAP,DELIVERED AT PLACE,30DAYS UPON MONTHLY CUT OFF  
20926,TAIWAN,NTD,FOB,FREIGHT ON BOARD,PAYMENT UPON PO ISSUED
20927,MALAYSIA,RM,DDP,DELIVERED DUTY PAID,90DAYS UPON MONTHLY CUT OFF
20928,MALAYSIA,RM,DDP,DELIVERED DUTY PAID,30DAYS UPON MONTHLY CUT OFF  
20929,MALAYSIA,RM,DAP,DELIVERED AT PLACE,30DAYS UPON MONTHLY CUT OFF  
20930,TAIWAN,USD,FOB,FREIGHT ON BOARD,60DAYS UPON MONTHLY CUT OFF
20931,MALAYSIA,RM,DAP,DELIVERED AT PLACE,PAYMENT BEFORE DELIVERY
20932,MALAYSIA,RM,DAP,DELIVERED AT PLACE,60DAYS UPON MONTHLY CUT OFF
20933,MALAYSIA,RM,DAP,DELIVERED AT PLACE,30DAYS UPON MONTHLY CUT OFF  
20934,MALAYSIA,RM,DAP,DELIVERED AT PLACE,60DAYS UPON MONTHLY CUT OFF
20935,MALAYSIA,RM,DAP,DELIVERED AT PLACE,30 DAYS NETT 
20936,TAIWAN,NTD,EXW,EX-WORKS OR EX-WAREHOUSE,PAYMENT BEFORE DELIVERY
20937,MALAYSIA,RM,DAP,DELIVERED AT PLACE,30DAYS UPON MONTHLY CUT OFF  
20938,TAIWAN,NTD,EXW,EX-WORKS OR EX-WAREHOUSE,PAYMENT BEFORE DELIVERY
20939,MALAYSIA,RM,DAP,DELIVERED AT PLACE,30DAYS UPON MONTHLY CUT OFF  
20940,MALAYSIA,RM,CIF,"COST, INSURANCE AND FREIGHT",30DAYS UPON MONTHLY CUT OFF  
20941,MALAYSIA,RM,DAP,DELIVERED AT PLACE,30DAYS UPON MONTHLY CUT OFF  
20942,MALAYSIA,RM,DAP,DELIVERED AT PLACE,60DAYS UPON MONTHLY CUT OFF
20943,MALAYSIA,RM,DDP,DELIVERED DUTY PAID,30DAYS UPON MONTHLY CUT OFF  
20944,MALAYSIA,RM,DAP,DELIVERED AT PLACE,CASH ON DELIVERY
20945,SINGAPORE,USD,EXW,EX-WORKS OR EX-WAREHOUSE,PAYMENT BEFORE DELIVERY
20946,MALAYSIA,RM,DAP,DELIVERED AT PLACE,30DAYS UPON MONTHLY CUT OFF  
20947,MALAYSIA,RM,DAP,DELIVERED AT PLACE,PAYMENT BEFORE DELIVERY
20948,TAIWAN,USD,EXW,EX-WORKS OR EX-WAREHOUSE,PAYMENT BEFORE DELIVERY
20949,MALAYSIA,RM,DAP,DELIVERED AT PLACE,60DAYS UPON MONTHLY CUT OFF
20950,MALAYSIA,RM,DAP,DELIVERED AT PLACE,PAYMENT BEFORE DELIVERY
20951,MALAYSIA,RM,DAP,DELIVERED AT PLACE,30DAYS UPON MONTHLY CUT OFF  
20952,TAIWAN,NTD,EXW,EX-WORKS OR EX-WAREHOUSE,CASH ON DELIVERY
20953,MALAYSIA,RM,CIF,"COST, INSURANCE AND FREIGHT",30DAYS UPON MONTHLY CUT OFF  
20954,MALAYSIA,RM,DAP,DELIVERED AT PLACE,30DAYS UPON MONTHLY CUT OFF  
20955,MALAYSIA,RM,DAP,DELIVERED AT PLACE,30DAYS UPON MONTHLY CUT OFF  
20956,MALAYSIA,RM,DAP,DELIVERED AT PLACE,30DAYS UPON MONTHLY CUT OFF  
20957,MALAYSIA,RM,DAP,DELIVERED AT PLACE,30DAYS UPON MONTHLY CUT OFF  
20958,MALAYSIA,RM,DAP,DELIVERED AT PLACE,30DAYS UPON MONTHLY CUT OFF  
20959,MALAYSIA,RM,DAP,DELIVERED AT PLACE,CASH ON DELIVERY
20960,MALAYSIA,RM,CIF,"COST, INSURANCE AND FREIGHT",PAYMENT BEFORE DELIVERY
20961,MALAYSIA,RM,DAP,DELIVERED AT PLACE,30DAYS UPON MONTHLY CUT OFF  
20963,MALAYSIA,RM,DAP,DELIVERED AT PLACE,30DAYS UPON MONTHLY CUT OFF  
20964,MALAYSIA,RM,DAP,DELIVERED AT PLACE,CASH ON DELIVERY
20965,MALAYSIA,RM,DAP,DELIVERED AT PLACE,CASH ON DELIVERY
20966,MALAYSIA,RM,DAP,DELIVERED AT PLACE,30DAYS UPON MONTHLY CUT OFF  
20967,MALAYSIA,RM,DAP,DELIVERED AT PLACE,30DAYS UPON MONTHLY CUT OFF  
20968,MALAYSIA,RM,DAP,DELIVERED AT PLACE,CASH ON DELIVERY
20969,MALAYSIA,RM,EXW,EX-WORKS OR EX-WAREHOUSE,30DAYS UPON MONTHLY CUT OFF  
20970,CHINA,USD,EXW,EX-WORKS OR EX-WAREHOUSE,30 DAYS NETT 
20971,MALAYSIA,RM,DAP,DELIVERED AT PLACE,30DAYS UPON MONTHLY CUT OFF  
20973,MALAYSIA,RM,DAP,DELIVERED AT PLACE,NULL
20974,MALAYSIA,RM,DAP,DELIVERED AT PLACE,30DAYS UPON MONTHLY CUT OFF  
20975,TAIWAN,NTD,EXW,EX-WORKS OR EX-WAREHOUSE,PAYMENT UPON PO ISSUED
20976,MALAYSIA,RM,DAP,DELIVERED AT PLACE,30DAYS UPON MONTHLY CUT OFF  
20977,TAIWAN,USD,DAP,DELIVERED AT PLACE,PAYMENT BEFORE DELIVERY
20978,MALAYSIA,RM,DAP,DELIVERED AT PLACE,30DAYS UPON MONTHLY CUT OFF  
20980,TAIWAN,USD,FOB,FREIGHT ON BOARD,PAYMENT BEFORE DELIVERY
20981,MALAYSIA,RM,DAP,DELIVERED AT PLACE,30DAYS UPON MONTHLY CUT OFF  
20982,MALAYSIA,RM,DAP,DELIVERED AT PLACE,30DAYS UPON MONTHLY CUT OFF  
20984,MALAYSIA,RM,DAP,DELIVERED AT PLACE,60DAYS UPON MONTHLY CUT OFF
20985,MALAYSIA,RM,DAP,DELIVERED AT PLACE,30DAYS UPON MONTHLY CUT OFF  
20986,MALAYSIA,RM,DAP,DELIVERED AT PLACE,30DAYS UPON MONTHLY CUT OFF  
20987,MALAYSIA,RM,DAP,DELIVERED AT PLACE,30 DAYS NETT 
20989,UNITED KINDOM,USD,EXW,EX-WORKS OR EX-WAREHOUSE,PAYMENT BEFORE DELIVERY
20991,MALAYSIA,RM,DAP,DELIVERED AT PLACE,30DAYS UPON MONTHLY CUT OFF  
20993,KOREA,USD,EXW,EX-WORKS OR EX-WAREHOUSE,60 DAYS NETT
20994,CHINA,USD,FOB,FREIGHT ON BOARD,60DAYS UPON MONTHLY CUT OFF
20995,MALAYSIA,RM,DAP,DELIVERED AT PLACE,CASH ON DELIVERY
20996,MALAYSIA,RM,DAP,DELIVERED AT PLACE,30 DAYS NETT 
20998,MALAYSIA,RM,DAP,DELIVERED AT PLACE,PAYMENT BEFORE DELIVERY
20999,TAIWAN,USD,CIF,"COST, INSURANCE AND FREIGHT",PAYMENT BEFORE DELIVERY
21000,MALAYSIA,RM,DAP,DELIVERED AT PLACE,30DAYS UPON MONTHLY CUT OFF  
21001,MALAYSIA,RM,DAP,DELIVERED AT PLACE,CASH ON DELIVERY
21002,MALAYSIA,RM,DAP,DELIVERED AT PLACE,30DAYS UPON MONTHLY CUT OFF  
21003,CHINA,RMB,DAP,DELIVERED AT PLACE,CASH ON DELIVERY
21004,MALAYSIA,RM,DDU,DELIVERED DUTY UNPAID,30 DAYS NETT 
21006,MALAYSIA,NTD,FOB,FREIGHT ON BOARD,PAYMENT BEFORE DELIVERY
21007,TAIWAN,USD,FOB,FREIGHT ON BOARD,30DAYS UPON MONTHLY CUT OFF  
21008,MALAYSIA,RM,DAP,DELIVERED AT PLACE,CASH ON DELIVERY
21009,TAIWAN,USD,CIF,"COST, INSURANCE AND FREIGHT",30DAYS UPON MONTHLY CUT OFF  
21011,CHINA,RMB,CIF,"COST, INSURANCE AND FREIGHT",PAYMENT BEFORE DELIVERY
21012,MALAYSIA,RM,DAP,DELIVERED AT PLACE,30DAYS UPON MONTHLY CUT OFF  
21013,TAIWAN,USD,FOB,FREIGHT ON BOARD,30DAYS UPON ACCEPTANCE
21015,MALAYSIA,RM,DAP,DELIVERED AT PLACE,30DAYS UPON MONTHLY CUT OFF  
21016,MALAYSIA,RM,DAP,DELIVERED AT PLACE,30DAYS UPON MONTHLY CUT OFF  
21017,MALAYSIA,RM,DAP,DELIVERED AT PLACE,CASH ON DELIVERY
21018,MALAYSIA,RM,DAP,DELIVERED AT PLACE,30DAYS NET INVOICING DATE
21019,MALAYSIA,RM,DAP,DELIVERED AT PLACE,PAYMENT BEFORE DELIVERY
21020,MALAYSIA,RM,DAP,DELIVERED AT PLACE,30DAYS UPON MONTHLY CUT OFF  
21021,MALAYSIA,RM,DAP,DELIVERED AT PLACE,PAYMENT BEFORE DELIVERY
21022,CHINA,USD,CIF,"COST, INSURANCE AND FREIGHT",30DAYS UPON MONTHLY CUT OFF  
21023,MALAYSIA,USD,DAP,DELIVERED AT PLACE,60 DAYS NETT
21024,CHINA,USD,EXW,EX-WORKS OR EX-WAREHOUSE,PAYMENT BEFORE DELIVERY
21025,MALAYSIA,RM,DAP,DELIVERED AT PLACE,CASH ON DELIVERY
21026,MALAYSIA,RM,DAP,DELIVERED AT PLACE,30DAYS UPON MONTHLY CUT OFF  
21027,MALAYSIA,RM,DAP,DELIVERED AT PLACE,30DAYS UPON MONTHLY CUT OFF  
21031,MALAYSIA,RM,DAP,DELIVERED AT PLACE,30DAYS UPON MONTHLY CUT OFF  
21032,MALAYSIA,RM,DAP,DELIVERED AT PLACE,CASH ON DELIVERY
21033,MALAYSIA,RM,DAP,DELIVERED AT PLACE,30DAYS UPON MONTHLY CUT OFF  
21035,MALAYSIA,RM,DAP,DELIVERED AT PLACE,30DAYS UPON MONTHLY CUT OFF  
21036,MALAYSIA,RM,DAP,DELIVERED AT PLACE,PAYMENT BEFORE DELIVERY
21038,MALAYSIA,RM,DAP,DELIVERED AT PLACE,CASH ON DELIVERY
21039,MALAYSIA,RM,DAP,DELIVERED AT PLACE,PAYMENT BEFORE DELIVERY
21040,MALAYSIA,RM,DAP,DELIVERED AT PLACE,CASH ON DELIVERY
21041,MALAYSIA,RM,DAP,DELIVERED AT PLACE,30 DAYS NETT 
21042,CHINA,USD,EXW,EX-WORKS OR EX-WAREHOUSE,PAYMENT BEFORE DELIVERY
21043,MALAYSIA,RM,DAP,DELIVERED AT PLACE,30DAYS UPON MONTHLY CUT OFF  
21044,MALAYSIA,RM,DAP,DELIVERED AT PLACE,30 DAYS NETT 
21045,MALAYSIA,RM,EXW,EX-WORKS OR EX-WAREHOUSE,PAYMENT BEFORE DELIVERY
21047,MALAYSIA,RM,DAP,DELIVERED AT PLACE,PAYMENT BEFORE DELIVERY
21048,MALAYSIA,RM,DAP,DELIVERED AT PLACE,CASH ON DELIVERY
21049,MALAYSIA,RM,CIF,"COST, INSURANCE AND FREIGHT",30DAYS UPON MONTHLY CUT OFF  
21050,MALAYSIA,RM,DAP,DELIVERED AT PLACE,30 DAYS NETT 
21051,MALAYSIA,RM,DAP,DELIVERED AT PLACE,30DAYS UPON MONTHLY CUT OFF  
21052,MALAYSIA,RM,DAP,DELIVERED AT PLACE,CASH ON DELIVERY
21053,MALAYSIA,RM,DAP,DELIVERED AT PLACE,60DAYS UPON MONTHLY CUT OFF
21054,MALAYSIA,RM,DAP,DELIVERED AT PLACE,30DAYS UPON MONTHLY CUT OFF  
21055,MALAYSIA,RM,DAP,DELIVERED AT PLACE,30DAYS UPON MONTHLY CUT OFF  
21056,TAIWAN,USD,EXW,EX-WORKS OR EX-WAREHOUSE,PAYMENT BEFORE DELIVERY
21057,MALAYSIA,RM,DAP,DELIVERED AT PLACE,PAYMENT BEFORE DELIVERY
21058,MALAYSIA,RM,DAP,DELIVERED AT PLACE,60DAYS UPON MONTHLY CUT OFF
21059,MALAYSIA,RM,DAP,DELIVERED AT PLACE,30DAYS UPON MONTHLY CUT OFF  
21060,MALAYSIA,RM,DAP,DELIVERED AT PLACE,30DAYS UPON MONTHLY CUT OFF  
21061,MALAYSIA,RM,DAP,DELIVERED AT PLACE,PAYMENT BEFORE DELIVERY
21062,TAIWAN,NTD,DAP,DELIVERED AT PLACE,PAYMENT BEFORE DELIVERY
21063,MALAYSIA,USD,DAP,DELIVERED AT PLACE,PAYMENT BEFORE DELIVERY
21065,MALAYSIA,RM,DAP,DELIVERED AT PLACE,30DAYS UPON MONTHLY CUT OFF  
21067,MALAYSIA,RM,DAP,DELIVERED AT PLACE,PAYMENT BEFORE DELIVERY
21068,MALAYSIA,RM,DAP,DELIVERED AT PLACE,30DAYS UPON MONTHLY CUT OFF  
21069,MALAYSIA,RM,DAP,DELIVERED AT PLACE,PAYMENT BEFORE DELIVERY
21070,MALAYSIA,RM,DAP,DELIVERED AT PLACE,60DAYS UPON MONTHLY CUT OFF
21071,MALAYSIA,RM,DAP,DELIVERED AT PLACE,30 DAYS NETT 
21072,CHINA,USD,FOB,FREIGHT ON BOARD,PAYMENT BEFORE DELIVERY
21073,MALAYSIA,RM,DAP,DELIVERED AT PLACE,30 DAYS NETT 
21074,MALAYSIA,RM,DAP,DELIVERED AT PLACE,30DAYS UPON MONTHLY CUT OFF  
21075,TAIWAN,USD,EXW,EX-WORKS OR EX-WAREHOUSE,PAYMENT BEFORE DELIVERY
21076,MALAYSIA,RM,DAP,DELIVERED AT PLACE,CASH ON DELIVERY
21078,MALAYSIA,RM,DAP,DELIVERED AT PLACE,2 WEEKS
21079,MALAYSIA,RM,DAP,DELIVERED AT PLACE,CASH ON DELIVERY
21080,MALAYSIA,RM,DAP,DELIVERED AT PLACE,CASH ON DELIVERY
21081,MALAYSIA,RM,DAP,DELIVERED AT PLACE,PAYMENT BEFORE DELIVERY
21082,MALAYSIA,RM,DAP,DELIVERED AT PLACE,30 DAYS NETT 
21083,MALAYSIA,RM,DAP,DELIVERED AT PLACE,30DAYS UPON MONTHLY CUT OFF  
21084,MALAYSIA,RM,DAP,DELIVERED AT PLACE,30 DAYS NETT 
21085,MALAYSIA,USD,CIF,"COST, INSURANCE AND FREIGHT",PAYMENT BEFORE DELIVERY
21086,SINGAPORE,SGD,DAP,DELIVERED AT PLACE,PAYMENT BEFORE DELIVERY
21087,MALAYSIA,RM,DAP,DELIVERED AT PLACE,CASH ON DELIVERY
21088,MALAYSIA,RM,DAP,DELIVERED AT PLACE,2 WEEKS
21089,MALAYSIA,RM,DAP,DELIVERED AT PLACE,CASH ON DELIVERY
21090,TAIWAN,USD,FOB,FREIGHT ON BOARD,30 DAYS NETT 
21091,MALAYSIA,RM,DAP,DELIVERED AT PLACE,30DAYS UPON MONTHLY CUT OFF  
21092,MALAYSIA,RM,DAP,DELIVERED AT PLACE,30DAYS UPON MONTHLY CUT OFF  
21093,MALAYSIA,RM,DAP,DELIVERED AT PLACE,30DAYS UPON MONTHLY CUT OFF  
21094,MALAYSIA,RM,DAP,DELIVERED AT PLACE,CASH ON DELIVERY
21095,MALAYSIA,RM,DAP,DELIVERED AT PLACE,CASH ON DELIVERY
21096,MALAYSIA,RM,DAP,DELIVERED AT PLACE,CASH ON DELIVERY
21097,MALAYSIA,RM,DAP,DELIVERED AT PLACE,30DAYS UPON MONTHLY CUT OFF  
21098,MALAYSIA,RM,DAP,DELIVERED AT PLACE,30DAYS UPON MONTHLY CUT OFF  
21099,MALAYSIA,RM,DAP,DELIVERED AT PLACE,CASH ON DELIVERY
21100,MALAYSIA,RM,DAP,DELIVERED AT PLACE,30DAYS UPON MONTHLY CUT OFF  
21101,MALAYSIA,RM,DAP,DELIVERED AT PLACE,CASH ON DELIVERY
21103,MALAYSIA,RM,DAP,DELIVERED AT PLACE,60 DAYS NETT
21104,MALAYSIA,RM,DAP,DELIVERED AT PLACE,30 DAYS NETT 
21105,MALAYSIA,RM,DAP,DELIVERED AT PLACE,30 DAYS NETT 
21106,MALAYSIA,RM,DAP,DELIVERED AT PLACE,30DAYS UPON MONTHLY CUT OFF  
21107,MALAYSIA,RM,DAP,DELIVERED AT PLACE,30DAYS UPON MONTHLY CUT OFF  
21108,MALAYSIA,RM,EXW,EX-WORKS OR EX-WAREHOUSE,60 DAYS NETT
21109,MALAYSIA,RM,DAP,DELIVERED AT PLACE,CASH ON DELIVERY
21110,MALAYSIA,RM,DAP,DELIVERED AT PLACE,30DAYS UPON MONTHLY CUT OFF  
21111,MALAYSIA,RM,DAP,DELIVERED AT PLACE,30 DAYS NETT 
21112,MALAYSIA,RM,DAP,DELIVERED AT PLACE,PAYMENT BEFORE DELIVERY
21113,MALAYSIA,RM,DAP,DELIVERED AT PLACE,60DAYS UPON MONTHLY CUT OFF
21114,MALAYSIA,RM,DAP,DELIVERED AT PLACE,CASH ON DELIVERY
21115,MALAYSIA,RM,DAP,DELIVERED AT PLACE,30DAYS UPON MONTHLY CUT OFF  
21116,MALAYSIA,RM,DAP,DELIVERED AT PLACE,30DAYS UPON MONTHLY CUT OFF  
21117,CHINA,USD,EXW,EX-WORKS OR EX-WAREHOUSE,PAYMENT BEFORE DELIVERY
21118,MALAYSIA,RM,DAP,DELIVERED AT PLACE,PAYMENT BEFORE DELIVERY
21119,CHINA,USD,EXW,EX-WORKS OR EX-WAREHOUSE,PAYMENT BEFORE DELIVERY
21120,MALAYSIA,RM,DAP,DELIVERED AT PLACE,30DAYS UPON MONTHLY CUT OFF  
21121,MALAYSIA,RM,DAP,DELIVERED AT PLACE,30DAYS UPON MONTHLY CUT OFF  
21122,MALAYSIA,RM,DAP,DELIVERED AT PLACE,60DAYS UPON MONTHLY CUT OFF
21123,CHINA,USD,EXW,EX-WORKS OR EX-WAREHOUSE,90DAYS UPON MONTHLY CUT OFF
21124,MALAYSIA,RM,DAP,DELIVERED AT PLACE,30DAYS UPON MONTHLY CUT OFF  
21125,CHINA,USD,EXW,EX-WORKS OR EX-WAREHOUSE,PAYMENT BEFORE DELIVERY
21126,CHINA,USD,EXW,EX-WORKS OR EX-WAREHOUSE,90 DAYS NETT
21127,CHINA,RMB,EXW,EX-WORKS OR EX-WAREHOUSE,60DAYS UPON MONTHLY CUT OFF
21128,CHINA,RMB,EXW,EX-WORKS OR EX-WAREHOUSE,30DAYS UPON MONTHLY CUT OFF  
21130,MALAYSIA,RM,DAP,DELIVERED AT PLACE,30DAYS UPON MONTHLY CUT OFF  
21132,MALAYSIA,RM,DAP,DELIVERED AT PLACE,CASH ON DELIVERY
21133,CHINA,RMB,EXW,EX-WORKS OR EX-WAREHOUSE,30 DAYS NETT 
21134,TAIWAN,USD,EXW,EX-WORKS OR EX-WAREHOUSE,PAYMENT BEFORE DELIVERY
21135,CHINA,RMB,DAP,DELIVERED AT PLACE,NULL
21136,CHINA,RMB,EXW,EX-WORKS OR EX-WAREHOUSE,30DAYS UPON MONTHLY CUT OFF  
21137,MALAYSIA,RM,DAP,DELIVERED AT PLACE,30DAYS UPON MONTHLY CUT OFF  
21139,TAIWAN,USD,FOB,FREIGHT ON BOARD,PAYMENT BEFORE DELIVERY
21140,MALAYSIA,RM,DAP,DELIVERED AT PLACE,CASH ON DELIVERY
21141,MALAYSIA,RM,DAP,DELIVERED AT PLACE,30DAYS UPON MONTHLY CUT OFF  
21142,MALAYSIA,RM,DAP,DELIVERED AT PLACE,60DAYS UPON MONTHLY CUT OFF
21143,CHINA,RMB,EXW,EX-WORKS OR EX-WAREHOUSE,PAYMENT BEFORE DELIVERY
21144,CHINA,RMB,EXW,EX-WORKS OR EX-WAREHOUSE,PAYMENT BEFORE DELIVERY
21145,CHINA,RMB,EXW,EX-WORKS OR EX-WAREHOUSE,PAYMENT BEFORE DELIVERY
21146,MALAYSIA,RM,DAP,DELIVERED AT PLACE,30DAYS UPON MONTHLY CUT OFF  
21147,MALAYSIA,RM,CIF,"COST, INSURANCE AND FREIGHT",30DAYS UPON MONTHLY CUT OFF  
21148,MALAYSIA,RM,DAP,DELIVERED AT PLACE,60DAYS UPON MONTHLY CUT OFF
21149,MALAYSIA,RM,DAP,DELIVERED AT PLACE,CASH ON DELIVERY
21150,MALAYSIA,RM,DDU,DELIVERED DUTY UNPAID,30DAYS UPON MONTHLY CUT OFF  
21151,MALAYSIA,RM,DAP,DELIVERED AT PLACE,30DAYS UPON MONTHLY CUT OFF  
21152,TAIWAN,USD,EXW,EX-WORKS OR EX-WAREHOUSE,30 DAYS NETT 
21153,MALAYSIA,RM,DAP,DELIVERED AT PLACE,30DAYS UPON MONTHLY CUT OFF  
21154,MALAYSIA,RM,DAP,DELIVERED AT PLACE,30DAYS UPON MONTHLY CUT OFF  
21155,MALAYSIA,RM,DAP,DELIVERED AT PLACE,30DAYS UPON MONTHLY CUT OFF  
21158,MALAYSIA,RM,DAP,DELIVERED AT PLACE,60DAYS UPON MONTHLY CUT OFF
21159,MALAYSIA,RM,DAP,DELIVERED AT PLACE,30DAYS UPON MONTHLY CUT OFF  
21161,MALAYSIA,RM,DAP,DELIVERED AT PLACE,30DAYS UPON MONTHLY CUT OFF  
21162,MALAYSIA,RM,DAP,DELIVERED AT PLACE,30DAYS UPON MONTHLY CUT OFF  
30000,NULL,,NULL,NULL,NULL
30005,MALAYSIA,RM,NULL,NULL,30DAYS UPON MONTHLY CUT OFF  
30007,MALAYSIA,RM,NULL,NULL,CASH ON DELIVERY
30008,MALAYSIA,RM,NULL,NULL,60DAYS UPON MONTHLY CUT OFF
30022,MALAYSIA,RM,NULL,NULL,CASH ON DELIVERY
30035,MALAYSIA,RM,NULL,NULL,30DAYS UPON MONTHLY CUT OFF  
30042,MALAYSIA,RM,DAP,DELIVERED AT PLACE,CASH ON DELIVERY
30044,MALAYSIA,RM,CIF,"COST, INSURANCE AND FREIGHT",CASH ON DELIVERY
30045,MALAYSIA,RM,CIF,"COST, INSURANCE AND FREIGHT",CASH ON DELIVERY
30088,MALAYSIA,RM,DAP,DELIVERED AT PLACE,CASH ON DELIVERY
30116,MALAYSIA,RM,DAP,DELIVERED AT PLACE,30DAYS UPON MONTHLY CUT OFF  
30117,MALAYSIA,RM,DAP,DELIVERED AT PLACE,NULL
30118,MALAYSIA,RM,DAP,DELIVERED AT PLACE,CASH ON DELIVERY
30125,MALAYSIA,RM,DAP,DELIVERED AT PLACE,CASH ON DELIVERY
40016,MALAYSIA,RM,DAP,DELIVERED AT PLACE,CASH ON DELIVERY
40034,MALAYSIA,RM,CIF,"COST, INSURANCE AND FREIGHT",CASH ON DELIVERY
40042,MALAYSIA,RM,CIF,"COST, INSURANCE AND FREIGHT",CASH ON DELIVERY
40049,MALAYSIA,RM,DAP,DELIVERED AT PLACE,CASH ON DELIVERY
60020,MALAYSIA,RM,CIF,"COST, INSURANCE AND FREIGHT",CASH ON DELIVERY
